ISO-10303-21;
HEADER;
FILE_DESCRIPTION(('3-D model version:1'),'2;1');
FILE_NAME('assembly','2026-09-29T22:28:33',(''),('AB Sandvik Coromant'),
  'Open CASCADE STEP processor 7.8','CoroPlus Tool Library','');
FILE_SCHEMA(('AUTOMOTIVE_DESIGN { 1 0 10303 214 1 1 1 1 }'));
ENDSEC;
DATA;
#1 = APPLICATION_PROTOCOL_DEFINITION('international standard',
  'automotive_design',2000,#2);
#2 = APPLICATION_CONTEXT(
  'core data for automotive mechanical design processes');
#3 = CONSTRUCTIVE_GEOMETRY_REPRESENTATION_RELATIONSHIP(
  'supplemental geometry','',#4,#21);
#4 = SHAPE_REPRESENTATION('NOCUT-None',(#5,#9),#13);
#5 = AXIS2_PLACEMENT_3D('',#6,#7,#8);
#6 = CARTESIAN_POINT('',(0.,0.,0.));
#7 = DIRECTION('',(0.,0.,1.));
#8 = DIRECTION('',(1.,0.,0.));
#9 = AXIS2_PLACEMENT_3D('',#10,#11,#12);
#10 = CARTESIAN_POINT('',(0.,0.,0.));
#11 = DIRECTION('',(0.,0.,1.));
#12 = DIRECTION('',(1.,0.,-0.));
#13 = ( GEOMETRIC_REPRESENTATION_CONTEXT(3) 
GLOBAL_UNCERTAINTY_ASSIGNED_CONTEXT((#20)) GLOBAL_UNIT_ASSIGNED_CONTEXT(
(#14,#15,#19)) REPRESENTATION_CONTEXT('NOCUT','COMPONENT_PART') );
#14 = ( LENGTH_UNIT() NAMED_UNIT(*) SI_UNIT(.MILLI.,.METRE.) );
#15 = ( CONVERSION_BASED_UNIT('DEGREE',#17) NAMED_UNIT(#16) 
PLANE_ANGLE_UNIT() );
#16 = DIMENSIONAL_EXPONENTS(0.,0.,0.,0.,0.,0.,0.);
#17 = PLANE_ANGLE_MEASURE_WITH_UNIT(PLANE_ANGLE_MEASURE(1.74532925E-02),
  #18);
#18 = ( NAMED_UNIT(*) PLANE_ANGLE_UNIT() SI_UNIT($,.RADIAN.) );
#19 = ( NAMED_UNIT(*) SI_UNIT($,.STERADIAN.) SOLID_ANGLE_UNIT() );
#20 = UNCERTAINTY_MEASURE_WITH_UNIT(LENGTH_MEASURE(5.08E-02),#14,
  'DISTANCE_ACCURACY_VALUE','Maximum Tolerance applied to model');
#21 = CONSTRUCTIVE_GEOMETRY_REPRESENTATION('supplemental geometry',(#22,
    #26,#30),#13);
#22 = AXIS2_PLACEMENT_3D('CSW',#23,#24,#25);
#23 = CARTESIAN_POINT('',(-27.24212084245,26.073715134656,
    -146.2421208424));
#24 = DIRECTION('',(-0.103961640931,0.989132930616,-0.103961640931));
#25 = DIRECTION('',(8.126932054624E-02,0.112626889533,0.990308275888));
#26 = AXIS2_PLACEMENT_3D('MCS',#27,#28,#29);
#27 = CARTESIAN_POINT('',(-12.4375,24.875,-124.90961663));
#28 = DIRECTION('',(0.,0.,1.));
#29 = DIRECTION('',(1.,0.,-0.));
#30 = AXIS2_PLACEMENT_3D('PCS',#31,#32,#33);
#31 = CARTESIAN_POINT('',(0.,0.,0.));
#32 = DIRECTION('',(0.,0.,1.));
#33 = DIRECTION('',(1.,0.,-0.));
#34 = ADVANCED_BREP_SHAPE_REPRESENTATION('NOCUT-None',(#35),#13);
#35 = MANIFOLD_SOLID_BREP('NOCUT',#36);
#36 = CLOSED_SHELL('',(#37,#93,#157,#204,#267,#322,#377,#417,#504,#528,
    #552,#567,#582,#605,#708,#779,#801,#827,#865,#889,#911,#938,#950,
    #961,#974,#996,#1015,#1032,#1049,#1061,#1073,#1113,#1154,#1203,#1237
    ,#1270,#1288,#1307,#1338,#1394,#1441,#1488,#1514,#1538,#1569,#1590,
    #1608,#1633,#1664,#1689,#1722,#1788,#1811,#1830,#1857,#1876,#1899,
    #1918,#1945,#1964));
#37 = ADVANCED_FACE('T533_OFFSETBOXF001',(#38),#88,.F.);
#38 = FACE_OUTER_BOUND('',#39,.T.);
#39 = EDGE_LOOP('',(#40,#50,#58,#66,#74,#82));
#40 = ORIENTED_EDGE('',*,*,#41,.F.);
#41 = EDGE_CURVE('',#42,#44,#46,.T.);
#42 = VERTEX_POINT('',#43);
#43 = CARTESIAN_POINT('',(-19.52159212893,27.75772608991,-139.3831308239
    ));
#44 = VERTEX_POINT('',#45);
#45 = CARTESIAN_POINT('',(-22.64940985803,26.878648237247,
    -144.6192139034));
#46 = LINE('',#47,#48);
#47 = CARTESIAN_POINT('',(-73.8413955419,12.491064066358,-230.3164997626
    ));
#48 = VECTOR('',#49,1.);
#49 = DIRECTION('',(-0.507582149399,-0.142656722543,-0.849711375188));
#50 = ORIENTED_EDGE('',*,*,#51,.F.);
#51 = EDGE_CURVE('',#52,#42,#54,.T.);
#52 = VERTEX_POINT('',#53);
#53 = CARTESIAN_POINT('',(-17.83873864825,28.60745691,-132.9813029858));
#54 = LINE('',#55,#56);
#55 = CARTESIAN_POINT('',(-43.56380702091,15.617981773809,
    -230.8433336007));
#56 = VECTOR('',#57,1.);
#57 = DIRECTION('',(-0.252164351357,-0.127326486552,-0.959271132541));
#58 = ORIENTED_EDGE('',*,*,#59,.F.);
#59 = EDGE_CURVE('',#60,#52,#62,.T.);
#60 = VERTEX_POINT('',#61);
#61 = CARTESIAN_POINT('',(-11.11612206453,28.60745691,-139.7039195695));
#62 = LINE('',#63,#64);
#63 = CARTESIAN_POINT('',(-15.91002081699,28.60745691,-134.910020817));
#64 = VECTOR('',#65,1.);
#65 = DIRECTION('',(-0.707106781185,0.,0.707106781188));
#66 = ORIENTED_EDGE('',*,*,#67,.F.);
#67 = EDGE_CURVE('',#68,#60,#70,.T.);
#68 = VERTEX_POINT('',#69);
#69 = CARTESIAN_POINT('',(-18.54501854288,27.138691878274,
    -146.2494452647));
#70 = LINE('',#71,#72);
#71 = CARTESIAN_POINT('',(-97.52211223031,11.524152914985,
    -215.8353652684));
#72 = VECTOR('',#73,1.);
#73 = DIRECTION('',(0.742186091161,0.146737403181,0.653932672831));
#74 = ORIENTED_EDGE('',*,*,#75,.T.);
#75 = EDGE_CURVE('',#68,#76,#78,.T.);
#76 = VERTEX_POINT('',#77);
#77 = CARTESIAN_POINT('',(-20.77809921742,26.795547708195,
    -147.2811764528));
#78 = LINE('',#79,#80);
#79 = CARTESIAN_POINT('',(-110.1914811663,13.055927329655,
    -188.5920775075));
#80 = VECTOR('',#81,1.);
#81 = DIRECTION('',(-0.899087021212,-0.138157332711,-0.415397496027));
#82 = ORIENTED_EDGE('',*,*,#83,.F.);
#83 = EDGE_CURVE('',#44,#76,#84,.T.);
#84 = LINE('',#85,#86);
#85 = CARTESIAN_POINT('',(-13.40932247792,26.468317566798,
    -157.7633525755));
#86 = VECTOR('',#87,1.);
#87 = DIRECTION('',(0.574910779934,-2.553044317384E-02,-0.817817700705)
  );
#88 = PLANE('',#89);
#89 = AXIS2_PLACEMENT_3D('',#90,#91,#92);
#90 = CARTESIAN_POINT('',(-97.19997536213,11.519688817139,
    -216.1999753618));
#91 = DIRECTION('',(0.103961640931,-0.989132930616,0.103961640931));
#92 = DIRECTION('',(-0.994521939196,-0.104528046272,0.));
#93 = ADVANCED_FACE('',(#94),#152,.F.);
#94 = FACE_OUTER_BOUND('',#95,.T.);
#95 = EDGE_LOOP('',(#96,#106,#114,#122,#130,#138,#146));
#96 = ORIENTED_EDGE('',*,*,#97,.F.);
#97 = EDGE_CURVE('',#98,#100,#102,.T.);
#98 = VERTEX_POINT('',#99);
#99 = CARTESIAN_POINT('',(-30.58555510515,26.912338305126,
    -136.3625277791));
#100 = VERTEX_POINT('',#101);
#101 = CARTESIAN_POINT('',(-28.53774913632,27.946346235854,
    -128.5723657663));
#102 = LINE('',#103,#104);
#103 = CARTESIAN_POINT('',(-54.62776999713,14.772593989025,
    -227.8227305559));
#104 = VECTOR('',#105,1.);
#105 = DIRECTION('',(0.252164351357,0.127326486552,0.959271132541));
#106 = ORIENTED_EDGE('',*,*,#107,.F.);
#107 = EDGE_CURVE('',#108,#98,#110,.T.);
#108 = VERTEX_POINT('',#109);
#109 = CARTESIAN_POINT('',(-30.45984756293,26.348997811606,
    -141.8480837068));
#110 = LINE('',#111,#112);
#111 = CARTESIAN_POINT('',(-28.7747977242,18.797686322992,
    -215.3793529382));
#112 = VECTOR('',#113,1.);
#113 = DIRECTION('',(-2.27902853173E-02,0.102131426258,0.994509816274));
#114 = ORIENTED_EDGE('',*,*,#115,.F.);
#115 = EDGE_CURVE('',#116,#108,#118,.T.);
#116 = VERTEX_POINT('',#117);
#117 = CARTESIAN_POINT('',(-31.24765354318,26.086980890508,
    -143.553212262));
#118 = LINE('',#119,#120);
#119 = CARTESIAN_POINT('',(-70.5960855535,13.000059410022,
    -228.7190230131));
#120 = VECTOR('',#121,1.);
#121 = DIRECTION('',(0.415397495954,0.138157332707,0.899087021247));
#122 = ORIENTED_EDGE('',*,*,#123,.F.);
#123 = EDGE_CURVE('',#124,#116,#126,.T.);
#124 = VERTEX_POINT('',#125);
#125 = CARTESIAN_POINT('',(-31.80380682245,26.049446717371,
    -143.3541742258));
#126 = LINE('',#127,#128);
#127 = CARTESIAN_POINT('',(-67.39025018042,23.647756794595,
    -130.6183762642));
#128 = VECTOR('',#129,1.);
#129 = DIRECTION('',(0.939625847786,6.341431502739E-02,-0.336276509471)
  );
#130 = ORIENTED_EDGE('',*,*,#131,.T.);
#131 = EDGE_CURVE('',#124,#132,#134,.T.);
#132 = VERTEX_POINT('',#133);
#133 = CARTESIAN_POINT('',(-31.80380682245,26.535568413997,-138.72901658
    ));
#134 = LINE('',#135,#136);
#135 = CARTESIAN_POINT('',(-31.80380682245,18.317975983266,
    -216.9145012535));
#136 = VECTOR('',#137,1.);
#137 = DIRECTION('',(-5.727732243588E-15,0.104528046272,0.994521939196)
  );
#138 = ORIENTED_EDGE('',*,*,#139,.T.);
#139 = EDGE_CURVE('',#132,#140,#142,.T.);
#140 = VERTEX_POINT('',#141);
#141 = CARTESIAN_POINT('',(-28.6269576039,27.927593935961,
    -128.6615742339));
#142 = LINE('',#143,#144);
#143 = CARTESIAN_POINT('',(-60.06312522527,14.152956038056,
    -228.2828604016));
#144 = VECTOR('',#145,1.);
#145 = DIRECTION('',(0.298346996712,0.130729098315,0.94546230618));
#146 = ORIENTED_EDGE('',*,*,#147,.F.);
#147 = EDGE_CURVE('',#100,#140,#148,.T.);
#148 = LINE('',#149,#150);
#149 = CARTESIAN_POINT('',(-44.49773824543,24.591434867188,
    -144.5323548754));
#150 = VECTOR('',#151,1.);
#151 = DIRECTION('',(-0.699422602734,-0.147023962571,-0.699422602734));
#152 = PLANE('',#153);
#153 = AXIS2_PLACEMENT_3D('',#154,#155,#156);
#154 = CARTESIAN_POINT('',(-97.19997536213,11.519688817139,
    -216.1999753618));
#155 = DIRECTION('',(0.103961640931,-0.989132930616,0.103961640931));
#156 = DIRECTION('',(-0.994521939196,-0.104528046272,0.));
#157 = ADVANCED_FACE('',(#158),#199,.T.);
#158 = FACE_OUTER_BOUND('',#159,.T.);
#159 = EDGE_LOOP('',(#160,#161,#169,#177,#185,#193));
#160 = ORIENTED_EDGE('',*,*,#115,.T.);
#161 = ORIENTED_EDGE('',*,*,#162,.T.);
#162 = EDGE_CURVE('',#108,#163,#165,.T.);
#163 = VERTEX_POINT('',#164);
#164 = CARTESIAN_POINT('',(-30.44425331679,26.200627872014,
    -141.8324894607));
#165 = LINE('',#166,#167);
#166 = CARTESIAN_POINT('',(-29.94939590596,21.49235512228,
    -141.3376320498));
#167 = VECTOR('',#168,1.);
#168 = DIRECTION('',(0.103961640931,-0.989132930616,0.103961640931));
#169 = ORIENTED_EDGE('',*,*,#170,.T.);
#170 = EDGE_CURVE('',#163,#171,#173,.T.);
#171 = VERTEX_POINT('',#172);
#172 = CARTESIAN_POINT('',(-29.58113491614,26.487693001691,
    -139.9643545793));
#173 = LINE('',#174,#175);
#174 = CARTESIAN_POINT('',(-29.1882125738,26.618375307933,
    -139.1139128174));
#175 = VECTOR('',#176,1.);
#176 = DIRECTION('',(0.415397495954,0.138157332707,0.899087021247));
#177 = ORIENTED_EDGE('',*,*,#178,.T.);
#178 = EDGE_CURVE('',#171,#179,#181,.T.);
#179 = VERTEX_POINT('',#180);
#180 = CARTESIAN_POINT('',(-29.08627750531,21.779420251957,
    -139.4694971685));
#181 = LINE('',#182,#183);
#182 = CARTESIAN_POINT('',(-29.08627750531,21.779420251957,
    -139.4694971685));
#183 = VECTOR('',#184,1.);
#184 = DIRECTION('',(0.103961640931,-0.989132930616,0.103961640931));
#185 = ORIENTED_EDGE('',*,*,#186,.F.);
#186 = EDGE_CURVE('',#187,#179,#189,.T.);
#187 = VERTEX_POINT('',#188);
#188 = CARTESIAN_POINT('',(-31.01200581391,21.138940977949,
    -143.6375466766));
#189 = LINE('',#190,#191);
#190 = CARTESIAN_POINT('',(-28.69335516297,21.910102558199,
    -138.6190554066));
#191 = VECTOR('',#192,1.);
#192 = DIRECTION('',(0.415397495954,0.138157332707,0.899087021247));
#193 = ORIENTED_EDGE('',*,*,#194,.T.);
#194 = EDGE_CURVE('',#187,#116,#195,.T.);
#195 = LINE('',#196,#197);
#196 = CARTESIAN_POINT('',(-31.04745592624,21.88330873088,
    -143.6248596693));
#197 = VECTOR('',#198,1.);
#198 = DIRECTION('',(-4.756365107191E-02,0.998723156022,
    1.702224198905E-02));
#199 = PLANE('',#200);
#200 = AXIS2_PLACEMENT_3D('',#201,#202,#203);
#201 = CARTESIAN_POINT('',(-28.69335516297,21.910102558199,
    -138.6190554066));
#202 = DIRECTION('',(0.90367964322,5.028515675087E-02,-0.425246405559));
#203 = DIRECTION('',(-0.425785065705,0.,-0.904824335339));
#204 = ADVANCED_FACE('BLANK_BOXF001',(#205),#262,.F.);
#205 = FACE_OUTER_BOUND('',#206,.T.);
#206 = EDGE_LOOP('',(#207,#215,#223,#231,#239,#247,#255,#261));
#207 = ORIENTED_EDGE('',*,*,#208,.F.);
#208 = EDGE_CURVE('',#209,#52,#211,.T.);
#209 = VERTEX_POINT('',#210);
#210 = CARTESIAN_POINT('',(-17.52930444319,28.60745691,-131.8478973255)
  );
#211 = LINE('',#212,#213);
#212 = CARTESIAN_POINT('',(-25.45299458177,28.60745691,-160.8710470171)
  );
#213 = VECTOR('',#214,1.);
#214 = DIRECTION('',(-0.263373735696,0.,-0.964693876494));
#215 = ORIENTED_EDGE('',*,*,#216,.F.);
#216 = EDGE_CURVE('',#217,#209,#219,.T.);
#217 = VERTEX_POINT('',#218);
#218 = CARTESIAN_POINT('',(-20.00502447049,28.60745691,-129.3721772982)
  );
#219 = LINE('',#220,#221);
#220 = CARTESIAN_POINT('',(-15.18860088432,28.60745691,-134.1886008844)
  );
#221 = VECTOR('',#222,1.);
#222 = DIRECTION('',(0.707106781185,0.,-0.707106781188));
#223 = ORIENTED_EDGE('',*,*,#224,.T.);
#224 = EDGE_CURVE('',#217,#225,#227,.T.);
#225 = VERTEX_POINT('',#226);
#226 = CARTESIAN_POINT('',(-21.93635504726,28.60745691,-128.8836865867)
  );
#227 = LINE('',#228,#229);
#228 = CARTESIAN_POINT('',(-30.59603689452,28.60745691,-126.6933965362)
  );
#229 = VECTOR('',#230,1.);
#230 = DIRECTION('',(-0.9694705394,0.,0.245207816425));
#231 = ORIENTED_EDGE('',*,*,#232,.T.);
#232 = EDGE_CURVE('',#225,#233,#235,.T.);
#233 = VERTEX_POINT('',#234);
#234 = CARTESIAN_POINT('',(-22.17796809406,28.60745691,-128.64207354));
#235 = LINE('',#236,#237);
#236 = CARTESIAN_POINT('',(-15.91002081699,28.60745691,-134.910020817));
#237 = VECTOR('',#238,1.);
#238 = DIRECTION('',(-0.707106781185,0.,0.707106781188));
#239 = ORIENTED_EDGE('',*,*,#240,.T.);
#240 = EDGE_CURVE('',#233,#241,#243,.T.);
#241 = VERTEX_POINT('',#242);
#242 = CARTESIAN_POINT('',(1.628601892111E-02,28.60745691,-128.64207354)
  );
#243 = LINE('',#244,#245);
#244 = CARTESIAN_POINT('',(-38.35,28.60745691,-128.64207354));
#245 = VECTOR('',#246,1.);
#246 = DIRECTION('',(1.,0.,0.));
#247 = ORIENTED_EDGE('',*,*,#248,.T.);
#248 = EDGE_CURVE('',#241,#249,#251,.T.);
#249 = VERTEX_POINT('',#250);
#250 = CARTESIAN_POINT('',(1.628601892108E-02,28.60745691,
    -129.8952671847));
#251 = LINE('',#252,#253);
#252 = CARTESIAN_POINT('',(1.628601892108E-02,28.60745691,-157.35));
#253 = VECTOR('',#254,1.);
#254 = DIRECTION('',(0.,0.,-1.));
#255 = ORIENTED_EDGE('',*,*,#256,.F.);
#256 = EDGE_CURVE('',#60,#249,#257,.T.);
#257 = LINE('',#258,#259);
#258 = CARTESIAN_POINT('',(-35.20056361141,28.60745691,-160.924477893));
#259 = VECTOR('',#260,1.);
#260 = DIRECTION('',(0.750307811451,0.,0.661088638592));
#261 = ORIENTED_EDGE('',*,*,#59,.T.);
#262 = PLANE('',#263);
#263 = AXIS2_PLACEMENT_3D('',#264,#265,#266);
#264 = CARTESIAN_POINT('',(-38.35,28.60745691,-157.35));
#265 = DIRECTION('',(0.,-1.,0.));
#266 = DIRECTION('',(0.,0.,1.));
#267 = ADVANCED_FACE('SHANK_NECK_INSIDE',(#268),#317,.F.);
#268 = FACE_OUTER_BOUND('',#269,.T.);
#269 = EDGE_LOOP('',(#270,#278,#279,#287,#295,#303,#311));
#270 = ORIENTED_EDGE('',*,*,#271,.F.);
#271 = EDGE_CURVE('',#100,#272,#274,.T.);
#272 = VERTEX_POINT('',#273);
#273 = CARTESIAN_POINT('',(-28.52215489018,27.797976296262,
    -128.5567715201));
#274 = LINE('',#275,#276);
#275 = CARTESIAN_POINT('',(-9.415010890811,-153.9950886313,
    -109.4496275208));
#276 = VECTOR('',#277,1.);
#277 = DIRECTION('',(0.103961640931,-0.989132930616,0.103961640931));
#278 = ORIENTED_EDGE('',*,*,#147,.T.);
#279 = ORIENTED_EDGE('',*,*,#280,.T.);
#280 = EDGE_CURVE('',#140,#281,#283,.T.);
#281 = VERTEX_POINT('',#282);
#282 = CARTESIAN_POINT('',(-28.6269576039,0.,-128.6615742339));
#283 = LINE('',#284,#285);
#284 = CARTESIAN_POINT('',(-28.6269576039,-157.35,-128.6615742339));
#285 = VECTOR('',#286,1.);
#286 = DIRECTION('',(0.,-1.,0.));
#287 = ORIENTED_EDGE('',*,*,#288,.F.);
#288 = EDGE_CURVE('',#289,#281,#291,.T.);
#289 = VERTEX_POINT('',#290);
#290 = CARTESIAN_POINT('',(-24.875,0.,-124.90961663));
#291 = LINE('',#292,#293);
#292 = CARTESIAN_POINT('',(128.692308315,0.,28.657691685));
#293 = VECTOR('',#294,1.);
#294 = DIRECTION('',(-0.707106781187,0.,-0.707106781187));
#295 = ORIENTED_EDGE('',*,*,#296,.F.);
#296 = EDGE_CURVE('',#297,#289,#299,.T.);
#297 = VERTEX_POINT('',#298);
#298 = CARTESIAN_POINT('',(-24.875,24.875,-124.90961663));
#299 = LINE('',#300,#301);
#300 = CARTESIAN_POINT('',(-24.875,-157.35,-124.90961663));
#301 = VECTOR('',#302,1.);
#302 = DIRECTION('',(0.,-1.,0.));
#303 = ORIENTED_EDGE('',*,*,#304,.F.);
#304 = EDGE_CURVE('',#305,#297,#307,.T.);
#305 = VERTEX_POINT('',#306);
#306 = CARTESIAN_POINT('',(-27.92376286194,27.923762861949,
    -127.9583794919));
#307 = LINE('',#308,#309);
#308 = CARTESIAN_POINT('',(-69.36666666666,69.366666666667,
    -169.4012832966));
#309 = VECTOR('',#310,1.);
#310 = DIRECTION('',(0.57735026919,-0.57735026919,0.57735026919));
#311 = ORIENTED_EDGE('',*,*,#312,.F.);
#312 = EDGE_CURVE('',#272,#305,#313,.T.);
#313 = LINE('',#314,#315);
#314 = CARTESIAN_POINT('',(-44.48214399929,24.443064927596,
    -144.5167606292));
#315 = VECTOR('',#316,1.);
#316 = DIRECTION('',(0.699422602734,0.147023962571,0.699422602734));
#317 = PLANE('',#318);
#318 = AXIS2_PLACEMENT_3D('',#319,#320,#321);
#319 = CARTESIAN_POINT('',(-25.375,-157.35,-125.40961663));
#320 = DIRECTION('',(0.707106781187,0.,-0.707106781187));
#321 = DIRECTION('',(-0.707106781187,0.,-0.707106781187));
#322 = ADVANCED_FACE('',(#323),#372,.T.);
#323 = FACE_OUTER_BOUND('',#324,.T.);
#324 = EDGE_LOOP('',(#325,#335,#341,#342,#350,#358,#366));
#325 = ORIENTED_EDGE('',*,*,#326,.T.);
#326 = EDGE_CURVE('',#327,#329,#331,.T.);
#327 = VERTEX_POINT('',#328);
#328 = CARTESIAN_POINT('',(-23.37694915744,26.763279120422,
    -143.5465029902));
#329 = VERTEX_POINT('',#330);
#330 = CARTESIAN_POINT('',(-22.63381561189,26.730278297655,
    -144.6036196573));
#331 = LINE('',#332,#333);
#332 = CARTESIAN_POINT('',(-20.11391281741,26.618375307933,
    -148.1882125738));
#333 = VECTOR('',#334,1.);
#334 = DIRECTION('',(0.574910779934,-2.553044317384E-02,-0.817817700705)
  );
#335 = ORIENTED_EDGE('',*,*,#336,.T.);
#336 = EDGE_CURVE('',#329,#44,#337,.T.);
#337 = LINE('',#338,#339);
#338 = CARTESIAN_POINT('',(-22.13895820105,22.022005547921,
    -144.1087622465));
#339 = VECTOR('',#340,1.);
#340 = DIRECTION('',(-0.103961640931,0.989132930616,-0.103961640931));
#341 = ORIENTED_EDGE('',*,*,#83,.T.);
#342 = ORIENTED_EDGE('',*,*,#343,.T.);
#343 = EDGE_CURVE('',#76,#344,#346,.T.);
#344 = VERTEX_POINT('',#345);
#345 = CARTESIAN_POINT('',(-20.30624423339,23.298461900024,
    -147.0631693253));
#346 = LINE('',#347,#348);
#347 = CARTESIAN_POINT('',(-7.588227865042,-70.95929960556,
    -141.1871728654));
#348 = VECTOR('',#349,1.);
#349 = DIRECTION('',(0.133461899986,-0.989133806293,6.166226156201E-02)
  );
#350 = ORIENTED_EDGE('',*,*,#351,.T.);
#351 = EDGE_CURVE('',#344,#352,#354,.T.);
#352 = VERTEX_POINT('',#353);
#353 = CARTESIAN_POINT('',(-20.16286053899,21.934251672314,
    -146.9197856309));
#354 = LINE('',#355,#356);
#355 = CARTESIAN_POINT('',(-20.16286053899,21.934251672314,
    -146.9197856309));
#356 = VECTOR('',#357,1.);
#357 = DIRECTION('',(0.103961640931,-0.989132930616,0.103961640931));
#358 = ORIENTED_EDGE('',*,*,#359,.F.);
#359 = EDGE_CURVE('',#360,#352,#362,.T.);
#360 = VERTEX_POINT('',#361);
#361 = CARTESIAN_POINT('',(-22.88209174661,22.055006370688,
    -143.0516455794));
#362 = LINE('',#363,#364);
#363 = CARTESIAN_POINT('',(-19.61905540658,21.910102558199,
    -147.693355163));
#364 = VECTOR('',#365,1.);
#365 = DIRECTION('',(0.574910779934,-2.553044317384E-02,-0.817817700705)
  );
#366 = ORIENTED_EDGE('',*,*,#367,.T.);
#367 = EDGE_CURVE('',#360,#327,#368,.T.);
#368 = LINE('',#369,#370);
#369 = CARTESIAN_POINT('',(-22.88209174661,22.055006370688,
    -143.0516455794));
#370 = VECTOR('',#371,1.);
#371 = DIRECTION('',(-0.103961640931,0.989132930616,-0.103961640931));
#372 = PLANE('',#373);
#373 = AXIS2_PLACEMENT_3D('',#374,#375,#376);
#374 = CARTESIAN_POINT('',(-19.61905540658,21.910102558199,
    -147.693355163));
#375 = DIRECTION('',(-0.811584605775,-0.144790338219,-0.566008997833));
#376 = DIRECTION('',(-0.57203691807,0.,0.820227873439));
#377 = ADVANCED_FACE('',(#378),#412,.T.);
#378 = FACE_OUTER_BOUND('',#379,.T.);
#379 = EDGE_LOOP('',(#380,#390,#398,#406));
#380 = ORIENTED_EDGE('',*,*,#381,.T.);
#381 = EDGE_CURVE('',#382,#384,#386,.T.);
#382 = VERTEX_POINT('',#383);
#383 = CARTESIAN_POINT('',(-27.9197856309,21.934251672314,-139.162860539
    ));
#384 = VERTEX_POINT('',#385);
#385 = CARTESIAN_POINT('',(-28.41464304174,26.642524422048,
    -139.6577179498));
#386 = LINE('',#387,#388);
#387 = CARTESIAN_POINT('',(-27.9197856309,21.934251672314,-139.162860539
    ));
#388 = VECTOR('',#389,1.);
#389 = DIRECTION('',(-0.103961640931,0.989132930616,-0.103961640931));
#390 = ORIENTED_EDGE('',*,*,#391,.T.);
#391 = EDGE_CURVE('',#384,#392,#394,.T.);
#392 = VERTEX_POINT('',#393);
#393 = CARTESIAN_POINT('',(-24.54650299025,26.763279120422,
    -142.3769491574));
#394 = LINE('',#395,#396);
#395 = CARTESIAN_POINT('',(-23.85973465048,26.784718495061,
    -142.8597346505));
#396 = VECTOR('',#397,1.);
#397 = DIRECTION('',(0.817817700702,2.553044317384E-02,-0.574910779938)
  );
#398 = ORIENTED_EDGE('',*,*,#399,.T.);
#399 = EDGE_CURVE('',#392,#400,#402,.T.);
#400 = VERTEX_POINT('',#401);
#401 = CARTESIAN_POINT('',(-24.05164557941,22.055006370688,
    -141.8820917466));
#402 = LINE('',#403,#404);
#403 = CARTESIAN_POINT('',(-24.05164557941,22.055006370688,
    -141.8820917466));
#404 = VECTOR('',#405,1.);
#405 = DIRECTION('',(0.103961640931,-0.989132930616,0.103961640931));
#406 = ORIENTED_EDGE('',*,*,#407,.F.);
#407 = EDGE_CURVE('',#382,#400,#408,.T.);
#408 = LINE('',#409,#410);
#409 = CARTESIAN_POINT('',(-23.36487723965,22.076445745327,
    -142.3648772396));
#410 = VECTOR('',#411,1.);
#411 = DIRECTION('',(0.817817700702,2.553044317384E-02,-0.574910779938)
  );
#412 = PLANE('',#413);
#413 = AXIS2_PLACEMENT_3D('',#414,#415,#416);
#414 = CARTESIAN_POINT('',(-23.36487723965,22.076445745327,
    -142.3648772396));
#415 = DIRECTION('',(-0.566008997837,-0.144790338219,-0.811584605772));
#416 = DIRECTION('',(-0.820227873436,0.,0.572036918073));
#417 = ADVANCED_FACE('',(#418,#429),#499,.T.);
#418 = FACE_BOUND('',#419,.T.);
#419 = EDGE_LOOP('',(#420));
#420 = ORIENTED_EDGE('',*,*,#421,.F.);
#421 = EDGE_CURVE('',#422,#422,#424,.T.);
#422 = VERTEX_POINT('',#423);
#423 = CARTESIAN_POINT('',(-24.85269913744,21.56456831307,
    -145.7472634316));
#424 = CIRCLE('',#425,1.905);
#425 = AXIS2_PLACEMENT_3D('',#426,#427,#428);
#426 = CARTESIAN_POINT('',(-26.74726343161,21.365442384922,
    -145.7472634316));
#427 = DIRECTION('',(0.103961640931,-0.989132930616,0.103961640931));
#428 = DIRECTION('',(0.994521939196,0.104528046272,0.));
#429 = FACE_BOUND('',#430,.T.);
#430 = EDGE_LOOP('',(#431,#442,#450,#459,#467,#476,#484,#493));
#431 = ORIENTED_EDGE('',*,*,#432,.T.);
#432 = EDGE_CURVE('',#433,#435,#437,.T.);
#433 = VERTEX_POINT('',#434);
#434 = CARTESIAN_POINT('',(-28.5245149051,25.793820759733,
    -147.6227546125));
#435 = VERTEX_POINT('',#436);
#436 = CARTESIAN_POINT('',(-26.8087208565,25.924923090155,
    -148.0911882776));
#437 = CIRCLE('',#438,1.905);
#438 = AXIS2_PLACEMENT_3D('',#439,#440,#441);
#439 = CARTESIAN_POINT('',(-27.24212084245,26.073715134656,
    -146.2421208424));
#440 = DIRECTION('',(0.103961640931,-0.989132930616,0.103961640931));
#441 = DIRECTION('',(0.994521939196,0.104528046272,0.));
#442 = ORIENTED_EDGE('',*,*,#443,.T.);
#443 = EDGE_CURVE('',#435,#444,#446,.T.);
#444 = VERTEX_POINT('',#445);
#445 = CARTESIAN_POINT('',(-26.82431510264,26.073293029748,
    -148.1067825237));
#446 = LINE('',#447,#448);
#447 = CARTESIAN_POINT('',(-26.8087208565,25.924923090155,
    -148.0911882776));
#448 = VECTOR('',#449,1.);
#449 = DIRECTION('',(-0.103961640931,0.989132930616,-0.103961640931));
#450 = ORIENTED_EDGE('',*,*,#451,.T.);
#451 = EDGE_CURVE('',#444,#452,#454,.T.);
#452 = VERTEX_POINT('',#453);
#453 = CARTESIAN_POINT('',(-25.73658027158,26.261499215556,
    -147.403847888));
#454 = CIRCLE('',#455,1.905);
#455 = AXIS2_PLACEMENT_3D('',#456,#457,#458);
#456 = CARTESIAN_POINT('',(-27.25771508859,26.222085074249,
    -146.2577150886));
#457 = DIRECTION('',(0.103961640931,-0.989132930616,0.103961640931));
#458 = DIRECTION('',(-0.994521939196,-0.104528046272,0.));
#459 = ORIENTED_EDGE('',*,*,#460,.T.);
#460 = EDGE_CURVE('',#452,#461,#463,.T.);
#461 = VERTEX_POINT('',#462);
#462 = CARTESIAN_POINT('',(-25.72098602544,26.113129275963,
    -147.3882536419));
#463 = LINE('',#464,#465);
#464 = CARTESIAN_POINT('',(-25.72098602544,26.113129275963,
    -147.3882536419));
#465 = VECTOR('',#466,1.);
#466 = DIRECTION('',(0.103961640931,-0.989132930616,0.103961640931));
#467 = ORIENTED_EDGE('',*,*,#468,.T.);
#468 = EDGE_CURVE('',#461,#469,#471,.T.);
#469 = VERTEX_POINT('',#470);
#470 = CARTESIAN_POINT('',(-29.12176158596,25.853278974237,
    -146.4597985273));
#471 = CIRCLE('',#472,1.905);
#472 = AXIS2_PLACEMENT_3D('',#473,#474,#475);
#473 = CARTESIAN_POINT('',(-27.24212084245,26.073715134656,
    -146.2421208424));
#474 = DIRECTION('',(0.103961640931,-0.989132930616,0.103961640931));
#475 = DIRECTION('',(0.994521939196,0.104528046272,0.));
#476 = ORIENTED_EDGE('',*,*,#477,.T.);
#477 = EDGE_CURVE('',#469,#478,#480,.T.);
#478 = VERTEX_POINT('',#479);
#479 = CARTESIAN_POINT('',(-29.1373558321,26.001648913829,
    -146.4753927734));
#480 = LINE('',#481,#482);
#481 = CARTESIAN_POINT('',(-29.12176158596,25.853278974237,
    -146.4597985273));
#482 = VECTOR('',#483,1.);
#483 = DIRECTION('',(-0.103961640931,0.989132930616,-0.103961640931));
#484 = ORIENTED_EDGE('',*,*,#485,.T.);
#485 = EDGE_CURVE('',#478,#486,#488,.T.);
#486 = VERTEX_POINT('',#487);
#487 = CARTESIAN_POINT('',(-28.54010915124,25.942190699325,
    -147.6383488586));
#488 = CIRCLE('',#489,1.905);
#489 = AXIS2_PLACEMENT_3D('',#490,#491,#492);
#490 = CARTESIAN_POINT('',(-27.25771508859,26.222085074249,
    -146.2577150886));
#491 = DIRECTION('',(0.103961640931,-0.989132930616,0.103961640931));
#492 = DIRECTION('',(-0.994521939196,-0.104528046272,0.));
#493 = ORIENTED_EDGE('',*,*,#494,.T.);
#494 = EDGE_CURVE('',#486,#433,#495,.T.);
#495 = LINE('',#496,#497);
#496 = CARTESIAN_POINT('',(-28.5245149051,25.793820759733,
    -147.6227546125));
#497 = VECTOR('',#498,1.);
#498 = DIRECTION('',(0.103961640931,-0.989132930616,0.103961640931));
#499 = CYLINDRICAL_SURFACE('',#500,1.905);
#500 = AXIS2_PLACEMENT_3D('',#501,#502,#503);
#501 = CARTESIAN_POINT('',(-27.24212084245,26.073715134656,
    -146.2421208424));
#502 = DIRECTION('',(0.103961640931,-0.989132930616,0.103961640931));
#503 = DIRECTION('',(0.959271132542,0.127326486552,0.252164351353));
#504 = ADVANCED_FACE('',(#505),#523,.F.);
#505 = FACE_OUTER_BOUND('',#506,.T.);
#506 = EDGE_LOOP('',(#507,#514,#515,#522));
#507 = ORIENTED_EDGE('',*,*,#508,.F.);
#508 = EDGE_CURVE('',#384,#171,#509,.T.);
#509 = CIRCLE('',#510,0.7937);
#510 = AXIS2_PLACEMENT_3D('',#511,#512,#513);
#511 = CARTESIAN_POINT('',(-28.86388438332,26.527604330604,
    -140.3018726514));
#512 = DIRECTION('',(0.103961640931,-0.989132930616,0.103961640931));
#513 = DIRECTION('',(0.994521939196,0.104528046272,0.));
#514 = ORIENTED_EDGE('',*,*,#381,.F.);
#515 = ORIENTED_EDGE('',*,*,#516,.F.);
#516 = EDGE_CURVE('',#179,#382,#517,.T.);
#517 = CIRCLE('',#518,0.7937);
#518 = AXIS2_PLACEMENT_3D('',#519,#520,#521);
#519 = CARTESIAN_POINT('',(-28.36902697249,21.81933158087,
    -139.8070152406));
#520 = DIRECTION('',(-0.103961640931,0.989132930616,-0.103961640931));
#521 = DIRECTION('',(0.994521939196,0.104528046272,0.));
#522 = ORIENTED_EDGE('',*,*,#178,.F.);
#523 = CYLINDRICAL_SURFACE('',#524,0.7937);
#524 = AXIS2_PLACEMENT_3D('',#525,#526,#527);
#525 = CARTESIAN_POINT('',(-28.36902697249,21.81933158087,
    -139.8070152406));
#526 = DIRECTION('',(-0.103961640931,0.989132930616,-0.103961640931));
#527 = DIRECTION('',(0.994521939196,0.104528046272,0.));
#528 = ADVANCED_FACE('',(#529),#547,.F.);
#529 = FACE_OUTER_BOUND('',#530,.T.);
#530 = EDGE_LOOP('',(#531,#538,#539,#546));
#531 = ORIENTED_EDGE('',*,*,#532,.F.);
#532 = EDGE_CURVE('',#327,#392,#533,.T.);
#533 = CIRCLE('',#534,4.7625);
#534 = AXIS2_PLACEMENT_3D('',#535,#536,#537);
#535 = CARTESIAN_POINT('',(-27.24212084245,26.073715134656,
    -146.2421208424));
#536 = DIRECTION('',(0.103961640931,-0.989132930616,0.103961640931));
#537 = DIRECTION('',(0.994521939196,0.104528046272,0.));
#538 = ORIENTED_EDGE('',*,*,#367,.F.);
#539 = ORIENTED_EDGE('',*,*,#540,.F.);
#540 = EDGE_CURVE('',#400,#360,#541,.T.);
#541 = CIRCLE('',#542,4.7625);
#542 = AXIS2_PLACEMENT_3D('',#543,#544,#545);
#543 = CARTESIAN_POINT('',(-26.74726343161,21.365442384922,
    -145.7472634316));
#544 = DIRECTION('',(-0.103961640931,0.989132930616,-0.103961640931));
#545 = DIRECTION('',(0.994521939196,0.104528046272,0.));
#546 = ORIENTED_EDGE('',*,*,#399,.F.);
#547 = CYLINDRICAL_SURFACE('',#548,4.7625);
#548 = AXIS2_PLACEMENT_3D('',#549,#550,#551);
#549 = CARTESIAN_POINT('',(-26.74726343161,21.365442384922,
    -145.7472634316));
#550 = DIRECTION('',(-0.103961640931,0.989132930616,-0.103961640931));
#551 = DIRECTION('',(0.994521939196,0.104528046272,0.));
#552 = ADVANCED_FACE('',(#553),#562,.F.);
#553 = FACE_OUTER_BOUND('',#554,.T.);
#554 = EDGE_LOOP('',(#555,#561));
#555 = ORIENTED_EDGE('',*,*,#556,.F.);
#556 = EDGE_CURVE('',#452,#444,#557,.T.);
#557 = LINE('',#558,#559);
#558 = CARTESIAN_POINT('',(-107.5796068327,12.100544335525,
    -200.2938505036));
#559 = VECTOR('',#560,1.);
#560 = DIRECTION('',(-0.83115430723,-0.143811136239,-0.537122774296));
#561 = ORIENTED_EDGE('',*,*,#451,.F.);
#562 = PLANE('',#563);
#563 = AXIS2_PLACEMENT_3D('',#564,#565,#566);
#564 = CARTESIAN_POINT('',(-97.19997536213,11.519688817139,
    -216.1999753618));
#565 = DIRECTION('',(0.103961640931,-0.989132930616,0.103961640931));
#566 = DIRECTION('',(-0.994521939196,-0.104528046272,0.));
#567 = ADVANCED_FACE('',(#568),#577,.F.);
#568 = FACE_OUTER_BOUND('',#569,.T.);
#569 = EDGE_LOOP('',(#570,#576));
#570 = ORIENTED_EDGE('',*,*,#571,.F.);
#571 = EDGE_CURVE('',#486,#478,#572,.T.);
#572 = LINE('',#573,#574);
#573 = CARTESIAN_POINT('',(-14.73627714647,24.567965893041,
    -174.5171092485));
#574 = VECTOR('',#575,1.);
#575 = DIRECTION('',(-0.456365041467,4.543290301481E-02,0.88863198246));
#576 = ORIENTED_EDGE('',*,*,#485,.F.);
#577 = PLANE('',#578);
#578 = AXIS2_PLACEMENT_3D('',#579,#580,#581);
#579 = CARTESIAN_POINT('',(-97.19997536213,11.519688817139,
    -216.1999753618));
#580 = DIRECTION('',(0.103961640931,-0.989132930616,0.103961640931));
#581 = DIRECTION('',(-0.994521939196,-0.104528046272,0.));
#582 = ADVANCED_FACE('',(#583),#600,.F.);
#583 = FACE_OUTER_BOUND('',#584,.T.);
#584 = EDGE_LOOP('',(#585,#586,#594));
#585 = ORIENTED_EDGE('',*,*,#232,.F.);
#586 = ORIENTED_EDGE('',*,*,#587,.T.);
#587 = EDGE_CURVE('',#225,#588,#590,.T.);
#588 = VERTEX_POINT('',#589);
#589 = CARTESIAN_POINT('',(-23.16528988118,28.513555068579,
    -128.5481716985));
#590 = LINE('',#591,#592);
#591 = CARTESIAN_POINT('',(-70.74427279894,24.878086380045,
    -115.5585023568));
#592 = VECTOR('',#593,1.);
#593 = DIRECTION('',(-0.962083737062,-7.351198128555E-02,0.262661134331)
  );
#594 = ORIENTED_EDGE('',*,*,#595,.F.);
#595 = EDGE_CURVE('',#233,#588,#596,.T.);
#596 = LINE('',#597,#598);
#597 = CARTESIAN_POINT('',(-155.5520030151,15.922567707433,
    -115.9571843374));
#598 = VECTOR('',#599,1.);
#599 = DIRECTION('',(-0.99107544667,-9.425884310865E-02,
    9.425884310865E-02));
#600 = PLANE('',#601);
#601 = AXIS2_PLACEMENT_3D('',#602,#603,#604);
#602 = CARTESIAN_POINT('',(-97.19997536213,11.519688817139,
    -216.1999753618));
#603 = DIRECTION('',(0.103961640931,-0.989132930616,0.103961640931));
#604 = DIRECTION('',(-0.994521939196,-0.104528046272,0.));
#605 = ADVANCED_FACE('SHANK_FACE_BOTTOM',(#606),#703,.F.);
#606 = FACE_OUTER_BOUND('',#607,.T.);
#607 = EDGE_LOOP('',(#608,#618,#626,#634,#642,#650,#658,#666,#672,#673,
    #681,#689,#697));
#608 = ORIENTED_EDGE('',*,*,#609,.F.);
#609 = EDGE_CURVE('',#610,#612,#614,.T.);
#610 = VERTEX_POINT('',#611);
#611 = CARTESIAN_POINT('',(-30.79337421452,0.,-149.2983994645));
#612 = VERTEX_POINT('',#613);
#613 = CARTESIAN_POINT('',(-30.37824777227,0.,-144.2398712428));
#614 = LINE('',#615,#616);
#615 = CARTESIAN_POINT('',(-17.36461576595,0.,14.337897047114));
#616 = VECTOR('',#617,1.);
#617 = DIRECTION('',(8.178971984244E-02,0.,0.996649608302));
#618 = ORIENTED_EDGE('',*,*,#619,.T.);
#619 = EDGE_CURVE('',#610,#620,#622,.T.);
#620 = VERTEX_POINT('',#621);
#621 = CARTESIAN_POINT('',(-30.29839946456,0.,-149.7933742145));
#622 = LINE('',#623,#624);
#623 = CARTESIAN_POINT('',(-11.37088683955,0.,-168.7208868395));
#624 = VECTOR('',#625,1.);
#625 = DIRECTION('',(0.707106781187,0.,-0.707106781187));
#626 = ORIENTED_EDGE('',*,*,#627,.T.);
#627 = EDGE_CURVE('',#620,#628,#630,.T.);
#628 = VERTEX_POINT('',#629);
#629 = CARTESIAN_POINT('',(-25.33366323691,0.,-149.3859447812));
#630 = LINE('',#631,#632);
#631 = CARTESIAN_POINT('',(168.30522568982,0.,-133.4950335281));
#632 = VECTOR('',#633,1.);
#633 = DIRECTION('',(0.996649608302,0.,8.178971984245E-02));
#634 = ORIENTED_EDGE('',*,*,#635,.T.);
#635 = EDGE_CURVE('',#628,#636,#638,.T.);
#636 = VERTEX_POINT('',#637);
#637 = CARTESIAN_POINT('',(-18.54501854288,0.,-146.2494452647));
#638 = LINE('',#639,#640);
#639 = CARTESIAN_POINT('',(182.09170003441,0.,-53.55097610466));
#640 = VECTOR('',#641,1.);
#641 = DIRECTION('',(0.907792483803,0.,0.419419606542));
#642 = ORIENTED_EDGE('',*,*,#643,.F.);
#643 = EDGE_CURVE('',#644,#636,#646,.T.);
#644 = VERTEX_POINT('',#645);
#645 = CARTESIAN_POINT('',(-0.108538351665,0.,-130.0052486776));
#646 = LINE('',#647,#648);
#647 = CARTESIAN_POINT('',(153.01980519824,0.,4.914589050839));
#648 = VECTOR('',#649,1.);
#649 = DIRECTION('',(-0.750307811451,0.,-0.661088638592));
#650 = ORIENTED_EDGE('',*,*,#651,.F.);
#651 = EDGE_CURVE('',#652,#644,#654,.T.);
#652 = VERTEX_POINT('',#653);
#653 = CARTESIAN_POINT('',(-0.108538351665,0.,0.));
#654 = LINE('',#655,#656);
#655 = CARTESIAN_POINT('',(-0.108538351665,0.,0.));
#656 = VECTOR('',#657,1.);
#657 = DIRECTION('',(0.,0.,-1.));
#658 = ORIENTED_EDGE('',*,*,#659,.T.);
#659 = EDGE_CURVE('',#652,#660,#662,.T.);
#660 = VERTEX_POINT('',#661);
#661 = CARTESIAN_POINT('',(-24.875,0.,0.));
#662 = LINE('',#663,#664);
#663 = CARTESIAN_POINT('',(157.35,0.,0.));
#664 = VECTOR('',#665,1.);
#665 = DIRECTION('',(-1.,0.,0.));
#666 = ORIENTED_EDGE('',*,*,#667,.T.);
#667 = EDGE_CURVE('',#660,#289,#668,.T.);
#668 = LINE('',#669,#670);
#669 = CARTESIAN_POINT('',(-24.875,0.,0.));
#670 = VECTOR('',#671,1.);
#671 = DIRECTION('',(0.,0.,-1.));
#672 = ORIENTED_EDGE('',*,*,#288,.T.);
#673 = ORIENTED_EDGE('',*,*,#674,.T.);
#674 = EDGE_CURVE('',#281,#675,#677,.T.);
#675 = VERTEX_POINT('',#676);
#676 = CARTESIAN_POINT('',(-31.80380682245,0.,-138.72901658));
#677 = LINE('',#678,#679);
#678 = CARTESIAN_POINT('',(25.138197732181,0.,41.720324415553));
#679 = VECTOR('',#680,1.);
#680 = DIRECTION('',(-0.300929535723,0.,-0.953646378135));
#681 = ORIENTED_EDGE('',*,*,#682,.T.);
#682 = EDGE_CURVE('',#675,#683,#685,.T.);
#683 = VERTEX_POINT('',#684);
#684 = CARTESIAN_POINT('',(-31.80380682245,0.,-143.3541742258));
#685 = LINE('',#686,#687);
#686 = CARTESIAN_POINT('',(-31.80380682245,0.,-1.089390103561E-12));
#687 = VECTOR('',#688,1.);
#688 = DIRECTION('',(5.759281940243E-15,0.,-1.));
#689 = ORIENTED_EDGE('',*,*,#690,.F.);
#690 = EDGE_CURVE('',#691,#683,#693,.T.);
#691 = VERTEX_POINT('',#692);
#692 = CARTESIAN_POINT('',(-30.8356777165,0.,-143.7006515787));
#693 = LINE('',#694,#695);
#694 = CARTESIAN_POINT('',(90.394671133588,0.,-187.0869831163));
#695 = VECTOR('',#696,1.);
#696 = DIRECTION('',(-0.941520859231,0.,0.336954702643));
#697 = ORIENTED_EDGE('',*,*,#698,.F.);
#698 = EDGE_CURVE('',#612,#691,#699,.T.);
#699 = LINE('',#700,#701);
#700 = CARTESIAN_POINT('',(-22.97195655466,0.,-152.9704275012));
#701 = VECTOR('',#702,1.);
#702 = DIRECTION('',(-0.646903630965,0.,0.762571762029));
#703 = PLANE('',#704);
#704 = AXIS2_PLACEMENT_3D('',#705,#706,#707);
#705 = CARTESIAN_POINT('',(157.35,0.,0.));
#706 = DIRECTION('',(0.,1.,0.));
#707 = DIRECTION('',(0.,0.,-1.));
#708 = ADVANCED_FACE('',(#709,#771),#774,.T.);
#709 = FACE_BOUND('',#710,.T.);
#710 = EDGE_LOOP('',(#711,#721,#729,#737,#743,#744,#745,#746,#747,#748,
    #757,#765));
#711 = ORIENTED_EDGE('',*,*,#712,.F.);
#712 = EDGE_CURVE('',#713,#715,#717,.T.);
#713 = VERTEX_POINT('',#714);
#714 = CARTESIAN_POINT('',(-30.79337421452,20.566942788875,
    -149.2983994645));
#715 = VERTEX_POINT('',#716);
#716 = CARTESIAN_POINT('',(-30.29839946456,20.566942788875,
    -149.7933742145));
#717 = LINE('',#718,#719);
#718 = CARTESIAN_POINT('',(-35.08303671774,20.566942788873,
    -145.0087369613));
#719 = VECTOR('',#720,1.);
#720 = DIRECTION('',(0.707106781187,3.416365706264E-13,-0.707106781187)
  );
#721 = ORIENTED_EDGE('',*,*,#722,.T.);
#722 = EDGE_CURVE('',#713,#723,#725,.T.);
#723 = VERTEX_POINT('',#724);
#724 = CARTESIAN_POINT('',(-30.37824777227,21.142244756026,
    -144.2398712428));
#725 = LINE('',#726,#727);
#726 = CARTESIAN_POINT('',(-29.90771856517,21.794326509659,
    -138.5062319681));
#727 = VECTOR('',#728,1.);
#728 = DIRECTION('',(8.12693204996E-02,0.112626889528,0.990308275892));
#729 = ORIENTED_EDGE('',*,*,#730,.T.);
#730 = EDGE_CURVE('',#723,#731,#733,.T.);
#731 = VERTEX_POINT('',#732);
#732 = CARTESIAN_POINT('',(-30.8356777165,21.15084116731,-143.7006515787
    ));
#733 = LINE('',#734,#735);
#734 = CARTESIAN_POINT('',(-32.45168617778,21.181210568235,
    -141.7956964033));
#735 = VECTOR('',#736,1.);
#736 = DIRECTION('',(-0.646855831193,1.215626313136E-02,0.762515415528)
  );
#737 = ORIENTED_EDGE('',*,*,#738,.T.);
#738 = EDGE_CURVE('',#731,#187,#739,.T.);
#739 = LINE('',#740,#741);
#740 = CARTESIAN_POINT('',(-30.50463976591,21.173182554506,
    -143.8191245718));
#741 = VECTOR('',#742,1.);
#742 = DIRECTION('',(-0.939625847786,-6.341431502739E-02,0.336276509471)
  );
#743 = ORIENTED_EDGE('',*,*,#186,.T.);
#744 = ORIENTED_EDGE('',*,*,#516,.T.);
#745 = ORIENTED_EDGE('',*,*,#407,.T.);
#746 = ORIENTED_EDGE('',*,*,#540,.T.);
#747 = ORIENTED_EDGE('',*,*,#359,.T.);
#748 = ORIENTED_EDGE('',*,*,#749,.T.);
#749 = EDGE_CURVE('',#352,#750,#752,.T.);
#750 = VERTEX_POINT('',#751);
#751 = CARTESIAN_POINT('',(-20.12480445238,21.931992094272,
    -146.9793402532));
#752 = CIRCLE('',#753,0.7937);
#753 = AXIS2_PLACEMENT_3D('',#754,#755,#756);
#754 = CARTESIAN_POINT('',(-20.80701524059,21.81933158087,
    -147.3690269725));
#755 = DIRECTION('',(-0.103961640931,0.989132930616,-0.103961640931));
#756 = DIRECTION('',(0.994521939196,0.104528046272,0.));
#757 = ORIENTED_EDGE('',*,*,#758,.T.);
#758 = EDGE_CURVE('',#750,#759,#761,.T.);
#759 = VERTEX_POINT('',#760);
#760 = CARTESIAN_POINT('',(-25.33366323691,21.131577875003,
    -149.3859447812));
#761 = LINE('',#762,#763);
#762 = CARTESIAN_POINT('',(-37.50988515744,19.260530575521,
    -155.0116205806));
#763 = VECTOR('',#764,1.);
#764 = DIRECTION('',(-0.899087021212,-0.138157332711,-0.415397496027));
#765 = ORIENTED_EDGE('',*,*,#766,.F.);
#766 = EDGE_CURVE('',#715,#759,#767,.T.);
#767 = LINE('',#768,#769);
#768 = CARTESIAN_POINT('',(-27.67517795446,20.865279464857,
    -149.5781004105));
#769 = VECTOR('',#770,1.);
#770 = DIRECTION('',(0.990308275892,0.112626889529,8.126932049961E-02));
#771 = FACE_BOUND('',#772,.T.);
#772 = EDGE_LOOP('',(#773));
#773 = ORIENTED_EDGE('',*,*,#421,.T.);
#774 = PLANE('',#775);
#775 = AXIS2_PLACEMENT_3D('',#776,#777,#778);
#776 = CARTESIAN_POINT('',(-28.69335516297,21.910102558199,
    -138.6190554066));
#777 = DIRECTION('',(-0.103961640931,0.989132930616,-0.103961640931));
#778 = DIRECTION('',(0.994521939196,0.104528046272,0.));
#779 = ADVANCED_FACE('T533_OFFSETBOXF001',(#780),#796,.F.);
#780 = FACE_OUTER_BOUND('',#781,.T.);
#781 = EDGE_LOOP('',(#782,#783,#789,#790));
#782 = ORIENTED_EDGE('',*,*,#627,.F.);
#783 = ORIENTED_EDGE('',*,*,#784,.T.);
#784 = EDGE_CURVE('',#620,#715,#785,.T.);
#785 = LINE('',#786,#787);
#786 = CARTESIAN_POINT('',(-30.29839946456,-73.92628486534,
    -149.7933742145));
#787 = VECTOR('',#788,1.);
#788 = DIRECTION('',(0.,1.,0.));
#789 = ORIENTED_EDGE('',*,*,#766,.T.);
#790 = ORIENTED_EDGE('',*,*,#791,.F.);
#791 = EDGE_CURVE('',#628,#759,#792,.T.);
#792 = LINE('',#793,#794);
#793 = CARTESIAN_POINT('',(-25.33366323691,-73.92628486534,
    -149.3859447812));
#794 = VECTOR('',#795,1.);
#795 = DIRECTION('',(0.,1.,0.));
#796 = PLANE('',#797);
#797 = AXIS2_PLACEMENT_3D('',#798,#799,#800);
#798 = CARTESIAN_POINT('',(-26.97308311942,-73.92628486534,
    -149.5204832306));
#799 = DIRECTION('',(-8.178971984245E-02,0.,0.996649608302));
#800 = DIRECTION('',(0.996649608302,0.,8.178971984245E-02));
#801 = ADVANCED_FACE('T533_OFFSETBOXF001',(#802),#822,.F.);
#802 = FACE_OUTER_BOUND('',#803,.T.);
#803 = EDGE_LOOP('',(#804,#805,#806,#807,#814,#815,#816));
#804 = ORIENTED_EDGE('',*,*,#635,.F.);
#805 = ORIENTED_EDGE('',*,*,#791,.T.);
#806 = ORIENTED_EDGE('',*,*,#758,.F.);
#807 = ORIENTED_EDGE('',*,*,#808,.T.);
#808 = EDGE_CURVE('',#750,#344,#809,.T.);
#809 = ELLIPSE('',#810,15.632618086687,0.7937);
#810 = AXIS2_PLACEMENT_3D('',#811,#812,#813);
#811 = CARTESIAN_POINT('',(-20.66855117438,20.501928677513,
    -147.2305629063));
#812 = DIRECTION('',(-0.419419606542,-6.938893903907E-18,0.907792483803)
  );
#813 = DIRECTION('',(-0.125418188217,0.990410294483,-5.794589412651E-02)
  );
#814 = ORIENTED_EDGE('',*,*,#343,.F.);
#815 = ORIENTED_EDGE('',*,*,#75,.F.);
#816 = ORIENTED_EDGE('',*,*,#817,.F.);
#817 = EDGE_CURVE('',#636,#68,#818,.T.);
#818 = LINE('',#819,#820);
#819 = CARTESIAN_POINT('',(-18.54501854288,-73.92628486534,
    -146.2494452647));
#820 = VECTOR('',#821,1.);
#821 = DIRECTION('',(0.,1.,0.));
#822 = PLANE('',#823);
#823 = AXIS2_PLACEMENT_3D('',#824,#825,#826);
#824 = CARTESIAN_POINT('',(-25.70940042558,-73.92628486534,
    -149.5595434247));
#825 = DIRECTION('',(-0.419419606542,0.,0.907792483803));
#826 = DIRECTION('',(0.907792483803,0.,0.419419606542));
#827 = ADVANCED_FACE('SHANK_FACE_OUTSIDE',(#828),#860,.F.);
#828 = FACE_OUTER_BOUND('',#829,.T.);
#829 = EDGE_LOOP('',(#830,#836,#837,#845,#853,#859));
#830 = ORIENTED_EDGE('',*,*,#831,.F.);
#831 = EDGE_CURVE('',#249,#644,#832,.T.);
#832 = LINE('',#833,#834);
#833 = CARTESIAN_POINT('',(0.580198971089,157.84596541876,-129.398409175
    ));
#834 = VECTOR('',#835,1.);
#835 = DIRECTION('',(-4.363277040394E-03,-0.999983090907,
    -3.844439354641E-03));
#836 = ORIENTED_EDGE('',*,*,#248,.F.);
#837 = ORIENTED_EDGE('',*,*,#838,.F.);
#838 = EDGE_CURVE('',#839,#241,#841,.T.);
#839 = VERTEX_POINT('',#840);
#840 = CARTESIAN_POINT('',(-3.702468892117E-13,24.875,-124.90961663));
#841 = LINE('',#842,#843);
#842 = CARTESIAN_POINT('',(6.837889202083E-04,25.031711882376,
    -125.0663285123));
#843 = VECTOR('',#844,1.);
#844 = DIRECTION('',(3.08534026873E-03,0.707103415589,-0.707103415589));
#845 = ORIENTED_EDGE('',*,*,#846,.F.);
#846 = EDGE_CURVE('',#847,#839,#849,.T.);
#847 = VERTEX_POINT('',#848);
#848 = CARTESIAN_POINT('',(-3.900959416603E-13,24.875,0.));
#849 = LINE('',#850,#851);
#850 = CARTESIAN_POINT('',(-3.885780586188E-13,24.875,0.));
#851 = VECTOR('',#852,1.);
#852 = DIRECTION('',(0.,0.,-1.));
#853 = ORIENTED_EDGE('',*,*,#854,.T.);
#854 = EDGE_CURVE('',#847,#652,#855,.T.);
#855 = LINE('',#856,#857);
#856 = CARTESIAN_POINT('',(0.578028364289,157.3485021414,0.));
#857 = VECTOR('',#858,1.);
#858 = DIRECTION('',(-4.363309284745E-03,-0.999990480721,0.));
#859 = ORIENTED_EDGE('',*,*,#651,.T.);
#860 = PLANE('',#861);
#861 = AXIS2_PLACEMENT_3D('',#862,#863,#864);
#862 = CARTESIAN_POINT('',(0.578028364289,157.3485021414,0.));
#863 = DIRECTION('',(-0.999990480721,4.363309284745E-03,0.));
#864 = DIRECTION('',(4.363309284745E-03,0.999990480721,0.));
#865 = ADVANCED_FACE('BLANK_BOXF006',(#866),#884,.F.);
#866 = FACE_OUTER_BOUND('',#867,.T.);
#867 = EDGE_LOOP('',(#868,#876,#877,#878));
#868 = ORIENTED_EDGE('',*,*,#869,.F.);
#869 = EDGE_CURVE('',#660,#870,#872,.T.);
#870 = VERTEX_POINT('',#871);
#871 = CARTESIAN_POINT('',(-24.875,24.875,0.));
#872 = LINE('',#873,#874);
#873 = CARTESIAN_POINT('',(-24.875,-157.35,0.));
#874 = VECTOR('',#875,1.);
#875 = DIRECTION('',(0.,1.,0.));
#876 = ORIENTED_EDGE('',*,*,#659,.F.);
#877 = ORIENTED_EDGE('',*,*,#854,.F.);
#878 = ORIENTED_EDGE('',*,*,#879,.F.);
#879 = EDGE_CURVE('',#870,#847,#880,.T.);
#880 = LINE('',#881,#882);
#881 = CARTESIAN_POINT('',(-157.35,24.875,0.));
#882 = VECTOR('',#883,1.);
#883 = DIRECTION('',(1.,0.,0.));
#884 = PLANE('',#885);
#885 = AXIS2_PLACEMENT_3D('',#886,#887,#888);
#886 = CARTESIAN_POINT('',(-38.35,-5.,0.));
#887 = DIRECTION('',(0.,0.,-1.));
#888 = DIRECTION('',(-1.,0.,0.));
#889 = ADVANCED_FACE('SHANK_FACE_TOP',(#890),#906,.F.);
#890 = FACE_OUTER_BOUND('',#891,.T.);
#891 = EDGE_LOOP('',(#892,#898,#904,#905));
#892 = ORIENTED_EDGE('',*,*,#893,.T.);
#893 = EDGE_CURVE('',#839,#297,#894,.T.);
#894 = LINE('',#895,#896);
#895 = CARTESIAN_POINT('',(-157.35,24.875,-124.90961663));
#896 = VECTOR('',#897,1.);
#897 = DIRECTION('',(-1.,0.,0.));
#898 = ORIENTED_EDGE('',*,*,#899,.T.);
#899 = EDGE_CURVE('',#297,#870,#900,.T.);
#900 = LINE('',#901,#902);
#901 = CARTESIAN_POINT('',(-24.875,24.875,0.));
#902 = VECTOR('',#903,1.);
#903 = DIRECTION('',(0.,0.,1.));
#904 = ORIENTED_EDGE('',*,*,#879,.T.);
#905 = ORIENTED_EDGE('',*,*,#846,.T.);
#906 = PLANE('',#907);
#907 = AXIS2_PLACEMENT_3D('',#908,#909,#910);
#908 = CARTESIAN_POINT('',(-157.35,24.875,0.));
#909 = DIRECTION('',(0.,-1.,0.));
#910 = DIRECTION('',(0.,0.,1.));
#911 = ADVANCED_FACE('SHANK_NECK_TOP',(#912),#933,.F.);
#912 = FACE_OUTER_BOUND('',#913,.T.);
#913 = EDGE_LOOP('',(#914,#915,#923,#929,#930,#931,#932));
#914 = ORIENTED_EDGE('',*,*,#595,.T.);
#915 = ORIENTED_EDGE('',*,*,#916,.T.);
#916 = EDGE_CURVE('',#588,#917,#919,.T.);
#917 = VERTEX_POINT('',#918);
#918 = CARTESIAN_POINT('',(-23.71860679888,28.323705315299,
    -128.3583219452));
#919 = LINE('',#920,#921);
#920 = CARTESIAN_POINT('',(-133.5204275244,-9.350632676917,
    -90.68398395308));
#921 = VECTOR('',#922,1.);
#922 = DIRECTION('',(-0.899677960823,-0.308690432966,0.308690432966));
#923 = ORIENTED_EDGE('',*,*,#924,.F.);
#924 = EDGE_CURVE('',#305,#917,#925,.T.);
#925 = LINE('',#926,#927);
#926 = CARTESIAN_POINT('',(-155.5263645312,15.787781033907,
    -115.8223976639));
#927 = VECTOR('',#928,1.);
#928 = DIRECTION('',(0.99107544667,9.425884310865E-02,
    -9.425884310865E-02));
#929 = ORIENTED_EDGE('',*,*,#304,.T.);
#930 = ORIENTED_EDGE('',*,*,#893,.F.);
#931 = ORIENTED_EDGE('',*,*,#838,.T.);
#932 = ORIENTED_EDGE('',*,*,#240,.F.);
#933 = PLANE('',#934);
#934 = AXIS2_PLACEMENT_3D('',#935,#936,#937);
#935 = CARTESIAN_POINT('',(-157.35,25.375,-125.40961663));
#936 = DIRECTION('',(0.,-0.707106781187,-0.707106781187));
#937 = DIRECTION('',(0.,-0.707106781187,0.707106781187));
#938 = ADVANCED_FACE('SHANK_FACE_INSIDE',(#939),#945,.F.);
#939 = FACE_OUTER_BOUND('',#940,.T.);
#940 = EDGE_LOOP('',(#941,#942,#943,#944));
#941 = ORIENTED_EDGE('',*,*,#296,.T.);
#942 = ORIENTED_EDGE('',*,*,#667,.F.);
#943 = ORIENTED_EDGE('',*,*,#869,.T.);
#944 = ORIENTED_EDGE('',*,*,#899,.F.);
#945 = PLANE('',#946);
#946 = AXIS2_PLACEMENT_3D('',#947,#948,#949);
#947 = CARTESIAN_POINT('',(-24.875,-157.35,0.));
#948 = DIRECTION('',(1.,0.,0.));
#949 = DIRECTION('',(0.,0.,-1.));
#950 = ADVANCED_FACE('',(#951),#956,.F.);
#951 = FACE_OUTER_BOUND('',#952,.T.);
#952 = EDGE_LOOP('',(#953,#954,#955));
#953 = ORIENTED_EDGE('',*,*,#351,.F.);
#954 = ORIENTED_EDGE('',*,*,#808,.F.);
#955 = ORIENTED_EDGE('',*,*,#749,.F.);
#956 = CYLINDRICAL_SURFACE('',#957,0.7937);
#957 = AXIS2_PLACEMENT_3D('',#958,#959,#960);
#958 = CARTESIAN_POINT('',(-20.80701524059,21.81933158087,
    -147.3690269725));
#959 = DIRECTION('',(-0.103961640931,0.989132930616,-0.103961640931));
#960 = DIRECTION('',(0.994521939196,0.104528046272,0.));
#961 = ADVANCED_FACE('T533_BOXF003',(#962),#969,.T.);
#962 = FACE_OUTER_BOUND('',#963,.T.);
#963 = EDGE_LOOP('',(#964,#965,#966,#967,#968));
#964 = ORIENTED_EDGE('',*,*,#67,.T.);
#965 = ORIENTED_EDGE('',*,*,#256,.T.);
#966 = ORIENTED_EDGE('',*,*,#831,.T.);
#967 = ORIENTED_EDGE('',*,*,#643,.T.);
#968 = ORIENTED_EDGE('',*,*,#817,.T.);
#969 = PLANE('',#970);
#970 = AXIS2_PLACEMENT_3D('',#971,#972,#973);
#971 = CARTESIAN_POINT('',(-33.55117477607,76.073715134656,
    -159.4712180402));
#972 = DIRECTION('',(0.661088638592,0.,-0.750307811451));
#973 = DIRECTION('',(-0.750307811451,0.,-0.661088638592));
#974 = ADVANCED_FACE('T533_RELIEFEBOXF001',(#975),#991,.T.);
#975 = FACE_OUTER_BOUND('',#976,.T.);
#976 = EDGE_LOOP('',(#977,#978,#984,#985));
#977 = ORIENTED_EDGE('',*,*,#698,.T.);
#978 = ORIENTED_EDGE('',*,*,#979,.F.);
#979 = EDGE_CURVE('',#731,#691,#980,.T.);
#980 = LINE('',#981,#982);
#981 = CARTESIAN_POINT('',(-30.8356777165,76.073715134656,
    -143.7006515787));
#982 = VECTOR('',#983,1.);
#983 = DIRECTION('',(0.,-1.,0.));
#984 = ORIENTED_EDGE('',*,*,#730,.F.);
#985 = ORIENTED_EDGE('',*,*,#986,.T.);
#986 = EDGE_CURVE('',#723,#612,#987,.T.);
#987 = LINE('',#988,#989);
#988 = CARTESIAN_POINT('',(-30.37824777227,76.073715134656,
    -144.2398712428));
#989 = VECTOR('',#990,1.);
#990 = DIRECTION('',(0.,-1.,0.));
#991 = PLANE('',#992);
#992 = AXIS2_PLACEMENT_3D('',#993,#994,#995);
#993 = CARTESIAN_POINT('',(-30.8356777165,76.073715134656,
    -143.7006515787));
#994 = DIRECTION('',(-0.762571762029,0.,-0.646903630965));
#995 = DIRECTION('',(-0.646903630965,0.,0.762571762029));
#996 = ADVANCED_FACE('T533_RELIEFEBOXF005',(#997),#1010,.T.);
#997 = FACE_OUTER_BOUND('',#998,.T.);
#998 = EDGE_LOOP('',(#999,#1005,#1006,#1007,#1008,#1009));
#999 = ORIENTED_EDGE('',*,*,#1000,.F.);
#1000 = EDGE_CURVE('',#124,#683,#1001,.T.);
#1001 = LINE('',#1002,#1003);
#1002 = CARTESIAN_POINT('',(-31.80380682245,76.073715134656,
    -143.3541742258));
#1003 = VECTOR('',#1004,1.);
#1004 = DIRECTION('',(0.,-1.,0.));
#1005 = ORIENTED_EDGE('',*,*,#123,.T.);
#1006 = ORIENTED_EDGE('',*,*,#194,.F.);
#1007 = ORIENTED_EDGE('',*,*,#738,.F.);
#1008 = ORIENTED_EDGE('',*,*,#979,.T.);
#1009 = ORIENTED_EDGE('',*,*,#690,.T.);
#1010 = PLANE('',#1011);
#1011 = AXIS2_PLACEMENT_3D('',#1012,#1013,#1014);
#1012 = CARTESIAN_POINT('',(-79.08501660308,76.073715134656,
    -126.4330132913));
#1013 = DIRECTION('',(-0.336954702643,0.,-0.941520859231));
#1014 = DIRECTION('',(-0.941520859231,0.,0.336954702643));
#1015 = ADVANCED_FACE('T533_RELIEFEBOXF002',(#1016),#1027,.T.);
#1016 = FACE_OUTER_BOUND('',#1017,.T.);
#1017 = EDGE_LOOP('',(#1018,#1024,#1025,#1026));
#1018 = ORIENTED_EDGE('',*,*,#1019,.F.);
#1019 = EDGE_CURVE('',#610,#713,#1020,.T.);
#1020 = LINE('',#1021,#1022);
#1021 = CARTESIAN_POINT('',(-30.79337421452,76.073715134656,
    -149.2983994645));
#1022 = VECTOR('',#1023,1.);
#1023 = DIRECTION('',(0.,1.,0.));
#1024 = ORIENTED_EDGE('',*,*,#609,.T.);
#1025 = ORIENTED_EDGE('',*,*,#986,.F.);
#1026 = ORIENTED_EDGE('',*,*,#722,.F.);
#1027 = PLANE('',#1028);
#1028 = AXIS2_PLACEMENT_3D('',#1029,#1030,#1031);
#1029 = CARTESIAN_POINT('',(-30.37824777227,76.073715134656,
    -144.2398712428));
#1030 = DIRECTION('',(-0.996649608302,0.,8.178971984244E-02));
#1031 = DIRECTION('',(8.178971984244E-02,0.,0.996649608302));
#1032 = ADVANCED_FACE('T533_OFFSETBOXF001',(#1033),#1044,.F.);
#1033 = FACE_OUTER_BOUND('',#1034,.T.);
#1034 = EDGE_LOOP('',(#1035,#1036,#1042,#1043));
#1035 = ORIENTED_EDGE('',*,*,#682,.F.);
#1036 = ORIENTED_EDGE('',*,*,#1037,.T.);
#1037 = EDGE_CURVE('',#675,#132,#1038,.T.);
#1038 = LINE('',#1039,#1040);
#1039 = CARTESIAN_POINT('',(-31.80380682245,-73.92628486534,
    -138.72901658));
#1040 = VECTOR('',#1041,1.);
#1041 = DIRECTION('',(0.,1.,0.));
#1042 = ORIENTED_EDGE('',*,*,#131,.F.);
#1043 = ORIENTED_EDGE('',*,*,#1000,.T.);
#1044 = PLANE('',#1045);
#1045 = AXIS2_PLACEMENT_3D('',#1046,#1047,#1048);
#1046 = CARTESIAN_POINT('',(-31.80380682245,-73.92628486534,
    -146.2421208424));
#1047 = DIRECTION('',(1.,0.,5.759281940243E-15));
#1048 = DIRECTION('',(5.759281940243E-15,0.,-1.));
#1049 = ADVANCED_FACE('T533_OFFSETBOXF001',(#1050),#1056,.F.);
#1050 = FACE_OUTER_BOUND('',#1051,.T.);
#1051 = EDGE_LOOP('',(#1052,#1053,#1054,#1055));
#1052 = ORIENTED_EDGE('',*,*,#139,.F.);
#1053 = ORIENTED_EDGE('',*,*,#1037,.F.);
#1054 = ORIENTED_EDGE('',*,*,#674,.F.);
#1055 = ORIENTED_EDGE('',*,*,#280,.F.);
#1056 = PLANE('',#1057);
#1057 = AXIS2_PLACEMENT_3D('',#1058,#1059,#1060);
#1058 = CARTESIAN_POINT('',(-26.875,-100.,-123.1096166316));
#1059 = DIRECTION('',(0.953646378135,0.,-0.300929535723));
#1060 = DIRECTION('',(-0.300929535723,0.,-0.953646378135));
#1061 = ADVANCED_FACE('T533_OFFSETBOXF001',(#1062),#1068,.F.);
#1062 = FACE_OUTER_BOUND('',#1063,.T.);
#1063 = EDGE_LOOP('',(#1064,#1065,#1066,#1067));
#1064 = ORIENTED_EDGE('',*,*,#619,.F.);
#1065 = ORIENTED_EDGE('',*,*,#1019,.T.);
#1066 = ORIENTED_EDGE('',*,*,#712,.T.);
#1067 = ORIENTED_EDGE('',*,*,#784,.F.);
#1068 = PLANE('',#1069);
#1069 = AXIS2_PLACEMENT_3D('',#1070,#1071,#1072);
#1070 = CARTESIAN_POINT('',(-30.54588683954,-73.92628486534,
    -149.5458868395));
#1071 = DIRECTION('',(0.707106781187,0.,0.707106781187));
#1072 = DIRECTION('',(0.707106781187,0.,-0.707106781187));
#1073 = ADVANCED_FACE('',(#1074),#1108,.F.);
#1074 = FACE_OUTER_BOUND('',#1075,.T.);
#1075 = EDGE_LOOP('',(#1076,#1077,#1078,#1086,#1094,#1102));
#1076 = ORIENTED_EDGE('',*,*,#162,.F.);
#1077 = ORIENTED_EDGE('',*,*,#107,.T.);
#1078 = ORIENTED_EDGE('',*,*,#1079,.F.);
#1079 = EDGE_CURVE('',#1080,#98,#1082,.T.);
#1080 = VERTEX_POINT('',#1081);
#1081 = CARTESIAN_POINT('',(-30.63753592561,27.406904770434,
    -136.4145085996));
#1082 = LINE('',#1083,#1084);
#1083 = CARTESIAN_POINT('',(-31.14174988413,32.204199483924,
    -136.9187225581));
#1084 = VECTOR('',#1085,1.);
#1085 = DIRECTION('',(0.103961640931,-0.989132930616,0.103961640931));
#1086 = ORIENTED_EDGE('',*,*,#1087,.T.);
#1087 = EDGE_CURVE('',#1080,#1088,#1090,.T.);
#1088 = VERTEX_POINT('',#1089);
#1089 = CARTESIAN_POINT('',(-30.46260442623,26.622974105193,
    -144.0480722384));
#1090 = LINE('',#1091,#1092);
#1091 = CARTESIAN_POINT('',(-30.46260442623,26.622974105193,
    -144.0480722384));
#1092 = VECTOR('',#1093,1.);
#1093 = DIRECTION('',(2.27902853173E-02,-0.102131426258,-0.994509816274)
  );
#1094 = ORIENTED_EDGE('',*,*,#1095,.T.);
#1095 = EDGE_CURVE('',#1088,#1096,#1098,.T.);
#1096 = VERTEX_POINT('',#1097);
#1097 = CARTESIAN_POINT('',(-30.39502935962,25.980037700292,
    -143.9804971718));
#1098 = LINE('',#1099,#1100);
#1099 = CARTESIAN_POINT('',(-30.96681838474,31.420268818683,
    -144.5522861969));
#1100 = VECTOR('',#1101,1.);
#1101 = DIRECTION('',(0.103961640931,-0.989132930616,0.103961640931));
#1102 = ORIENTED_EDGE('',*,*,#1103,.T.);
#1103 = EDGE_CURVE('',#1096,#163,#1104,.T.);
#1104 = LINE('',#1105,#1106);
#1105 = CARTESIAN_POINT('',(-30.39502935962,25.980037700292,
    -143.9804971718));
#1106 = VECTOR('',#1107,1.);
#1107 = DIRECTION('',(-2.27902853173E-02,0.102131426258,0.994509816274)
  );
#1108 = PLANE('',#1109);
#1109 = AXIS2_PLACEMENT_3D('',#1110,#1111,#1112);
#1110 = CARTESIAN_POINT('',(-30.96681838474,31.420268818683,
    -144.5522861969));
#1111 = DIRECTION('',(0.994320159762,0.105760187881,1.192487104106E-02)
  );
#1112 = DIRECTION('',(2.27902853173E-02,-0.102131426258,-0.994509816274)
  );
#1113 = ADVANCED_FACE('',(#1114),#1149,.F.);
#1114 = FACE_OUTER_BOUND('',#1115,.T.);
#1115 = EDGE_LOOP('',(#1116,#1117,#1118,#1126,#1134,#1143));
#1116 = ORIENTED_EDGE('',*,*,#208,.T.);
#1117 = ORIENTED_EDGE('',*,*,#51,.T.);
#1118 = ORIENTED_EDGE('',*,*,#1119,.F.);
#1119 = EDGE_CURVE('',#1120,#42,#1122,.T.);
#1120 = VERTEX_POINT('',#1121);
#1121 = CARTESIAN_POINT('',(-19.5735729494,28.252292555218,
    -139.4351116444));
#1122 = LINE('',#1123,#1124);
#1123 = CARTESIAN_POINT('',(-20.07778690792,33.049587268708,
    -139.9393256029));
#1124 = VECTOR('',#1125,1.);
#1125 = DIRECTION('',(0.103961640931,-0.989132930616,0.103961640931));
#1126 = ORIENTED_EDGE('',*,*,#1127,.F.);
#1127 = EDGE_CURVE('',#1128,#1120,#1130,.T.);
#1128 = VERTEX_POINT('',#1129);
#1129 = CARTESIAN_POINT('',(-17.53925552347,29.279489654965,
    -131.6962620782));
#1130 = LINE('',#1131,#1132);
#1131 = CARTESIAN_POINT('',(-17.15544099482,29.473290861034,
    -130.2361738635));
#1132 = VECTOR('',#1133,1.);
#1133 = DIRECTION('',(-0.252164351357,-0.127326486552,-0.959271132541));
#1134 = ORIENTED_EDGE('',*,*,#1135,.T.);
#1135 = EDGE_CURVE('',#1128,#1136,#1138,.T.);
#1136 = VERTEX_POINT('',#1137);
#1137 = CARTESIAN_POINT('',(-17.24645581434,28.750276947579,
    -130.7718985847));
#1138 = ELLIPSE('',#1139,4.030065281521,1.5);
#1139 = AXIS2_PLACEMENT_3D('',#1140,#1141,#1142);
#1140 = CARTESIAN_POINT('',(-17.01639241567,25.372618673018,
    -130.8745330974));
#1141 = DIRECTION('',(0.962083737062,7.351198128555E-02,-0.262661134331)
  );
#1142 = DIRECTION('',(-0.133917830555,0.966242888431,-0.220092469694));
#1143 = ORIENTED_EDGE('',*,*,#1144,.T.);
#1144 = EDGE_CURVE('',#1136,#209,#1145,.T.);
#1145 = LINE('',#1146,#1147);
#1146 = CARTESIAN_POINT('',(-17.08786592822,28.830354456134,
    -130.1685987969));
#1147 = VECTOR('',#1148,1.);
#1148 = DIRECTION('',(-0.252164351357,-0.127326486552,-0.959271132541));
#1149 = PLANE('',#1150);
#1150 = AXIS2_PLACEMENT_3D('',#1151,#1152,#1153);
#1151 = CARTESIAN_POINT('',(-17.65965495334,34.270585574524,
    -130.740387822));
#1152 = DIRECTION('',(-0.962083737062,-7.351198128555E-02,0.262661134331
    ));
#1153 = DIRECTION('',(0.252164351357,0.127326486552,0.959271132541));
#1154 = ADVANCED_FACE('',(#1155),#1198,.T.);
#1155 = FACE_OUTER_BOUND('',#1156,.T.);
#1156 = EDGE_LOOP('',(#1157,#1158,#1166,#1174,#1182,#1190,#1196,#1197));
#1157 = ORIENTED_EDGE('',*,*,#224,.F.);
#1158 = ORIENTED_EDGE('',*,*,#1159,.T.);
#1159 = EDGE_CURVE('',#217,#1160,#1162,.T.);
#1160 = VERTEX_POINT('',#1161);
#1161 = CARTESIAN_POINT('',(-18.32061023061,28.73616153654,
    -129.8320438752));
#1162 = LINE('',#1163,#1164);
#1163 = CARTESIAN_POINT('',(-28.15182890443,27.98496667135,
    -127.1479957521));
#1164 = VECTOR('',#1165,1.);
#1165 = DIRECTION('',(0.962083737062,7.351198128555E-02,-0.262661134331)
  );
#1166 = ORIENTED_EDGE('',*,*,#1167,.T.);
#1167 = EDGE_CURVE('',#1160,#1168,#1170,.T.);
#1168 = VERTEX_POINT('',#1169);
#1169 = CARTESIAN_POINT('',(-19.36131418297,30.611939572397,
    -130.0618426452));
#1170 = LINE('',#1171,#1172);
#1171 = CARTESIAN_POINT('',(-19.44268330618,30.758600314635,
    -130.079809834));
#1172 = VECTOR('',#1173,1.);
#1173 = DIRECTION('',(-0.482385930028,0.869458533617,-0.106516068422));
#1174 = ORIENTED_EDGE('',*,*,#1175,.T.);
#1175 = EDGE_CURVE('',#1168,#1176,#1178,.T.);
#1176 = VERTEX_POINT('',#1177);
#1177 = CARTESIAN_POINT('',(-26.41469557611,30.07299683696,
    -128.1361795389));
#1178 = LINE('',#1179,#1180);
#1179 = CARTESIAN_POINT('',(-24.60133851644,30.211553872174,
    -128.6312491508));
#1180 = VECTOR('',#1181,1.);
#1181 = DIRECTION('',(-0.962083737062,-7.351198128555E-02,0.262661134331
    ));
#1182 = ORIENTED_EDGE('',*,*,#1183,.T.);
#1183 = EDGE_CURVE('',#1176,#1184,#1186,.T.);
#1184 = VERTEX_POINT('',#1185);
#1185 = CARTESIAN_POINT('',(-26.91908460204,28.079159590944,
    -127.4845506738));
#1186 = LINE('',#1187,#1188);
#1187 = CARTESIAN_POINT('',(-26.68519458597,29.00372099402,
    -127.7867172117));
#1188 = VECTOR('',#1189,1.);
#1189 = DIRECTION('',(-0.233793836196,-0.92418120644,0.30204228151));
#1190 = ORIENTED_EDGE('',*,*,#1191,.T.);
#1191 = EDGE_CURVE('',#1184,#917,#1192,.T.);
#1192 = LINE('',#1193,#1194);
#1193 = CARTESIAN_POINT('',(-28.15182890443,27.98496667135,
    -127.1479957521));
#1194 = VECTOR('',#1195,1.);
#1195 = DIRECTION('',(0.962083737062,7.351198128555E-02,-0.262661134331)
  );
#1196 = ORIENTED_EDGE('',*,*,#916,.F.);
#1197 = ORIENTED_EDGE('',*,*,#587,.F.);
#1198 = PLANE('',#1199);
#1199 = AXIS2_PLACEMENT_3D('',#1200,#1201,#1202);
#1200 = CARTESIAN_POINT('',(-24.33318105322,28.276746231237,
    -128.1905353332));
#1201 = DIRECTION('',(0.237615019601,0.246922395023,0.939451134065));
#1202 = DIRECTION('',(-0.133917830555,0.966242888431,-0.220092469694));
#1203 = ADVANCED_FACE('',(#1204),#1232,.F.);
#1204 = FACE_OUTER_BOUND('',#1205,.T.);
#1205 = EDGE_LOOP('',(#1206,#1207,#1208,#1209,#1217,#1226));
#1206 = ORIENTED_EDGE('',*,*,#1079,.T.);
#1207 = ORIENTED_EDGE('',*,*,#97,.T.);
#1208 = ORIENTED_EDGE('',*,*,#271,.T.);
#1209 = ORIENTED_EDGE('',*,*,#1210,.T.);
#1210 = EDGE_CURVE('',#272,#1211,#1213,.T.);
#1211 = VERTEX_POINT('',#1212);
#1212 = CARTESIAN_POINT('',(-28.31041879056,27.904889162795,
    -127.7512955399));
#1213 = LINE('',#1214,#1215);
#1214 = CARTESIAN_POINT('',(-30.56996085901,26.763968365534,
    -136.346933533));
#1215 = VECTOR('',#1216,1.);
#1216 = DIRECTION('',(0.252164351357,0.127326486552,0.959271132541));
#1217 = ORIENTED_EDGE('',*,*,#1218,.T.);
#1218 = EDGE_CURVE('',#1211,#1219,#1221,.T.);
#1219 = VERTEX_POINT('',#1220);
#1220 = CARTESIAN_POINT('',(-28.60321849969,28.434101870181,
    -128.6756590334));
#1221 = ELLIPSE('',#1222,4.030065281521,1.5);
#1222 = AXIS2_PLACEMENT_3D('',#1223,#1224,#1225);
#1223 = CARTESIAN_POINT('',(-28.08035539188,24.527230888234,
    -127.8539300526));
#1224 = DIRECTION('',(-0.962083737062,-7.351198128555E-02,0.262661134331
    ));
#1225 = DIRECTION('',(-0.133917830555,0.966242888431,-0.220092469694));
#1226 = ORIENTED_EDGE('',*,*,#1227,.F.);
#1227 = EDGE_CURVE('',#1080,#1219,#1228,.T.);
#1228 = LINE('',#1229,#1230);
#1229 = CARTESIAN_POINT('',(-30.63753592561,27.406904770434,
    -136.4145085996));
#1230 = VECTOR('',#1231,1.);
#1231 = DIRECTION('',(0.252164351357,0.127326486552,0.959271132541));
#1232 = PLANE('',#1233);
#1233 = AXIS2_PLACEMENT_3D('',#1234,#1235,#1236);
#1234 = CARTESIAN_POINT('',(-31.14174988413,32.204199483924,
    -136.9187225581));
#1235 = DIRECTION('',(0.962083737062,7.351198128555E-02,-0.262661134331)
  );
#1236 = DIRECTION('',(-0.252164351357,-0.127326486552,-0.959271132541));
#1237 = ADVANCED_FACE('',(#1238),#1265,.F.);
#1238 = FACE_OUTER_BOUND('',#1239,.T.);
#1239 = EDGE_LOOP('',(#1240,#1241,#1242,#1243,#1251,#1259));
#1240 = ORIENTED_EDGE('',*,*,#1119,.T.);
#1241 = ORIENTED_EDGE('',*,*,#41,.T.);
#1242 = ORIENTED_EDGE('',*,*,#336,.F.);
#1243 = ORIENTED_EDGE('',*,*,#1244,.T.);
#1244 = EDGE_CURVE('',#329,#1245,#1247,.T.);
#1245 = VERTEX_POINT('',#1246);
#1246 = CARTESIAN_POINT('',(-23.40204855615,26.514365279225,
    -145.8896701465));
#1247 = LINE('',#1248,#1249);
#1248 = CARTESIAN_POINT('',(-19.50599788279,27.609356150317,
    -139.3675365778));
#1249 = VECTOR('',#1250,1.);
#1250 = DIRECTION('',(-0.507582149399,-0.142656722543,-0.849711375188));
#1251 = ORIENTED_EDGE('',*,*,#1252,.F.);
#1252 = EDGE_CURVE('',#1253,#1245,#1255,.T.);
#1253 = VERTEX_POINT('',#1254);
#1254 = CARTESIAN_POINT('',(-23.46962362275,27.157301684126,
    -145.9572452131));
#1255 = LINE('',#1256,#1257);
#1256 = CARTESIAN_POINT('',(-23.97383758127,31.954596397616,
    -146.4614591716));
#1257 = VECTOR('',#1258,1.);
#1258 = DIRECTION('',(0.103961640931,-0.989132930616,0.103961640931));
#1259 = ORIENTED_EDGE('',*,*,#1260,.T.);
#1260 = EDGE_CURVE('',#1253,#1120,#1261,.T.);
#1261 = LINE('',#1262,#1263);
#1262 = CARTESIAN_POINT('',(-19.5735729494,28.252292555218,
    -139.4351116444));
#1263 = VECTOR('',#1264,1.);
#1264 = DIRECTION('',(0.507582149399,0.142656722543,0.849711375188));
#1265 = PLANE('',#1266);
#1266 = AXIS2_PLACEMENT_3D('',#1267,#1268,#1269);
#1267 = CARTESIAN_POINT('',(-20.07778690792,33.049587268708,
    -139.9393256029));
#1268 = DIRECTION('',(-0.855308329684,-3.556831572377E-02,0.516897045929
    ));
#1269 = DIRECTION('',(0.507582149399,0.142656722543,0.849711375188));
#1270 = ADVANCED_FACE('',(#1271),#1283,.F.);
#1271 = FACE_OUTER_BOUND('',#1272,.T.);
#1272 = EDGE_LOOP('',(#1273,#1274,#1275,#1276));
#1273 = ORIENTED_EDGE('',*,*,#1159,.F.);
#1274 = ORIENTED_EDGE('',*,*,#216,.T.);
#1275 = ORIENTED_EDGE('',*,*,#1144,.F.);
#1276 = ORIENTED_EDGE('',*,*,#1277,.T.);
#1277 = EDGE_CURVE('',#1136,#1160,#1278,.T.);
#1278 = ELLIPSE('',#1279,1.628252065562,1.5);
#1279 = AXIS2_PLACEMENT_3D('',#1280,#1281,#1282);
#1280 = CARTESIAN_POINT('',(-18.77275453454,28.538308087471,
    -131.2623569869));
#1281 = DIRECTION('',(0.103961640931,-0.989132930616,0.103961640931));
#1282 = DIRECTION('',(-0.993836730692,-0.107358636735,
    -2.761658641314E-02));
#1283 = PLANE('',#1284);
#1284 = AXIS2_PLACEMENT_3D('',#1285,#1286,#1287);
#1285 = CARTESIAN_POINT('',(-25.16153871526,26.019857937425,
    -148.8351220393));
#1286 = DIRECTION('',(-0.103961640931,0.989132930616,-0.103961640931));
#1287 = DIRECTION('',(-0.962083737062,-7.351198128555E-02,0.262661134331
    ));
#1288 = ADVANCED_FACE('',(#1289),#1302,.F.);
#1289 = FACE_OUTER_BOUND('',#1290,.T.);
#1290 = EDGE_LOOP('',(#1291,#1292,#1293,#1294,#1301));
#1291 = ORIENTED_EDGE('',*,*,#312,.T.);
#1292 = ORIENTED_EDGE('',*,*,#924,.T.);
#1293 = ORIENTED_EDGE('',*,*,#1191,.F.);
#1294 = ORIENTED_EDGE('',*,*,#1295,.T.);
#1295 = EDGE_CURVE('',#1184,#1211,#1296,.T.);
#1296 = ELLIPSE('',#1297,1.628252065562,1.5);
#1297 = AXIS2_PLACEMENT_3D('',#1298,#1299,#1300);
#1298 = CARTESIAN_POINT('',(-27.22911448298,27.892164981287,
    -128.953662836));
#1299 = DIRECTION('',(0.103961640931,-0.989132930616,0.103961640931));
#1300 = DIRECTION('',(0.84719227359,3.331278769009E-02,-0.530240992141)
  );
#1301 = ORIENTED_EDGE('',*,*,#1210,.F.);
#1302 = PLANE('',#1303);
#1303 = AXIS2_PLACEMENT_3D('',#1304,#1305,#1306);
#1304 = CARTESIAN_POINT('',(-25.16153871526,26.019857937425,
    -148.8351220393));
#1305 = DIRECTION('',(-0.103961640931,0.989132930616,-0.103961640931));
#1306 = DIRECTION('',(-0.962083737062,-7.351198128555E-02,0.262661134331
    ));
#1307 = ADVANCED_FACE('',(#1308),#1333,.F.);
#1308 = FACE_OUTER_BOUND('',#1309,.T.);
#1309 = EDGE_LOOP('',(#1310,#1311,#1319,#1327));
#1310 = ORIENTED_EDGE('',*,*,#432,.F.);
#1311 = ORIENTED_EDGE('',*,*,#1312,.F.);
#1312 = EDGE_CURVE('',#1313,#433,#1315,.T.);
#1313 = VERTEX_POINT('',#1314);
#1314 = CARTESIAN_POINT('',(-28.34876825284,25.776324501515,
    -147.9649677134));
#1315 = LINE('',#1316,#1317);
#1316 = CARTESIAN_POINT('',(-28.34876825284,25.776324501515,
    -147.9649677134));
#1317 = VECTOR('',#1318,1.);
#1318 = DIRECTION('',(-0.456365041467,4.543290301481E-02,0.88863198246)
  );
#1319 = ORIENTED_EDGE('',*,*,#1320,.F.);
#1320 = EDGE_CURVE('',#1321,#1313,#1323,.T.);
#1321 = VERTEX_POINT('',#1322);
#1322 = CARTESIAN_POINT('',(-27.12879924492,25.869541271973,
    -148.2980348167));
#1323 = LINE('',#1324,#1325);
#1324 = CARTESIAN_POINT('',(-27.12879924492,25.869541271973,
    -148.2980348167));
#1325 = VECTOR('',#1326,1.);
#1326 = DIRECTION('',(-0.962083737062,-7.351198128555E-02,0.262661134331
    ));
#1327 = ORIENTED_EDGE('',*,*,#1328,.F.);
#1328 = EDGE_CURVE('',#435,#1321,#1329,.T.);
#1329 = LINE('',#1330,#1331);
#1330 = CARTESIAN_POINT('',(-23.40204855615,26.514365279225,
    -145.8896701465));
#1331 = VECTOR('',#1332,1.);
#1332 = DIRECTION('',(-0.83115430723,-0.143811136239,-0.537122774296));
#1333 = PLANE('',#1334);
#1334 = AXIS2_PLACEMENT_3D('',#1335,#1336,#1337);
#1335 = CARTESIAN_POINT('',(-25.16153871526,26.019857937425,
    -148.8351220393));
#1336 = DIRECTION('',(-0.103961640931,0.989132930616,-0.103961640931));
#1337 = DIRECTION('',(-0.962083737062,-7.351198128555E-02,0.262661134331
    ));
#1338 = ADVANCED_FACE('',(#1339),#1389,.T.);
#1339 = FACE_OUTER_BOUND('',#1340,.T.);
#1340 = EDGE_LOOP('',(#1341,#1351,#1359,#1367,#1375,#1383));
#1341 = ORIENTED_EDGE('',*,*,#1342,.T.);
#1342 = EDGE_CURVE('',#1343,#1345,#1347,.T.);
#1343 = VERTEX_POINT('',#1344);
#1344 = CARTESIAN_POINT('',(-23.76866022517,32.828060188758,
    -138.3561501619));
#1345 = VERTEX_POINT('',#1346);
#1346 = CARTESIAN_POINT('',(-24.41842507692,32.645442804985,
    -139.443880663));
#1347 = LINE('',#1348,#1349);
#1348 = CARTESIAN_POINT('',(-25.60952294202,32.310682967854,
    -141.4378227395));
#1349 = VECTOR('',#1350,1.);
#1350 = DIRECTION('',(-0.507582149399,-0.142656722543,-0.849711375188));
#1351 = ORIENTED_EDGE('',*,*,#1352,.T.);
#1352 = EDGE_CURVE('',#1345,#1353,#1355,.T.);
#1353 = VERTEX_POINT('',#1354);
#1354 = CARTESIAN_POINT('',(-27.1393884144,32.437536363748,
    -138.7010229583));
#1355 = LINE('',#1356,#1357);
#1356 = CARTESIAN_POINT('',(-26.36322876153,32.496842047525,
    -138.9129244456));
#1357 = VECTOR('',#1358,1.);
#1358 = DIRECTION('',(-0.962083737062,-7.351198128555E-02,0.262661134331
    ));
#1359 = ORIENTED_EDGE('',*,*,#1360,.T.);
#1360 = EDGE_CURVE('',#1353,#1361,#1363,.T.);
#1361 = VERTEX_POINT('',#1362);
#1362 = CARTESIAN_POINT('',(-27.16856266014,32.568276601796,
    -137.4279334217));
#1363 = LINE('',#1364,#1365);
#1364 = CARTESIAN_POINT('',(-27.17504394312,32.597321550773,
    -137.145106794));
#1365 = VECTOR('',#1366,1.);
#1366 = DIRECTION('',(-2.27902853173E-02,0.102131426258,0.994509816274)
  );
#1367 = ORIENTED_EDGE('',*,*,#1368,.T.);
#1368 = EDGE_CURVE('',#1361,#1369,#1371,.T.);
#1369 = VERTEX_POINT('',#1370);
#1370 = CARTESIAN_POINT('',(-25.95426273916,33.18141855357,
    -132.808553822));
#1371 = LINE('',#1372,#1373);
#1372 = CARTESIAN_POINT('',(-30.01052399149,31.133272211653,
    -148.2391819201));
#1373 = VECTOR('',#1374,1.);
#1374 = DIRECTION('',(0.252164351357,0.127326486552,0.959271132541));
#1375 = ORIENTED_EDGE('',*,*,#1376,.T.);
#1376 = EDGE_CURVE('',#1369,#1377,#1379,.T.);
#1377 = VERTEX_POINT('',#1378);
#1378 = CARTESIAN_POINT('',(-22.55436030419,33.441202140532,
    -133.7367705621));
#1379 = LINE('',#1380,#1381);
#1380 = CARTESIAN_POINT('',(-21.67706648805,33.508235397731,
    -133.9762829663));
#1381 = VECTOR('',#1382,1.);
#1382 = DIRECTION('',(0.962083737062,7.351198128555E-02,-0.262661134331)
  );
#1383 = ORIENTED_EDGE('',*,*,#1384,.T.);
#1384 = EDGE_CURVE('',#1377,#1343,#1385,.T.);
#1385 = LINE('',#1386,#1387);
#1386 = CARTESIAN_POINT('',(-26.61062155652,31.393055798616,
    -149.1673986603));
#1387 = VECTOR('',#1388,1.);
#1388 = DIRECTION('',(-0.252164351357,-0.127326486552,-0.959271132541));
#1389 = PLANE('',#1390);
#1390 = AXIS2_PLACEMENT_3D('',#1391,#1392,#1393);
#1391 = CARTESIAN_POINT('',(-25.73332774038,31.460089055815,
    -149.4069110645));
#1392 = DIRECTION('',(-0.103961640931,0.989132930616,-0.103961640931));
#1393 = DIRECTION('',(-0.962083737062,-7.351198128555E-02,0.262661134331
    ));
#1394 = ADVANCED_FACE('',(#1395),#1436,.T.);
#1395 = FACE_OUTER_BOUND('',#1396,.T.);
#1396 = EDGE_LOOP('',(#1397,#1407,#1416,#1422,#1430));
#1397 = ORIENTED_EDGE('',*,*,#1398,.F.);
#1398 = EDGE_CURVE('',#1399,#1401,#1403,.T.);
#1399 = VERTEX_POINT('',#1400);
#1400 = CARTESIAN_POINT('',(-27.22465557919,27.544885165173,
    -147.9483902469));
#1401 = VERTEX_POINT('',#1402);
#1402 = CARTESIAN_POINT('',(-27.62143373342,27.155923051647,
    -148.3392803153));
#1403 = LINE('',#1404,#1405);
#1404 = CARTESIAN_POINT('',(-9.429643809254,44.989357131232,
    -130.4174518773));
#1405 = VECTOR('',#1406,1.);
#1406 = DIRECTION('',(-0.584053642557,-0.572548505502,-0.575386436635));
#1407 = ORIENTED_EDGE('',*,*,#1408,.T.);
#1408 = EDGE_CURVE('',#1399,#1409,#1411,.T.);
#1409 = VERTEX_POINT('',#1410);
#1410 = CARTESIAN_POINT('',(-23.78997589392,27.944331813362,
    -145.8105741576));
#1411 = ELLIPSE('',#1412,9.275122705972,3.);
#1412 = AXIS2_PLACEMENT_3D('',#1413,#1414,#1415);
#1413 = CARTESIAN_POINT('',(-27.77108554296,21.591940366592,
    -150.7610789127));
#1414 = DIRECTION('',(0.467517100913,0.342193560906,-0.815065228818));
#1415 = DIRECTION('',(0.374316510963,0.758660042196,0.5332186137));
#1416 = ORIENTED_EDGE('',*,*,#1417,.F.);
#1417 = EDGE_CURVE('',#1253,#1409,#1418,.T.);
#1418 = LINE('',#1419,#1420);
#1419 = CARTESIAN_POINT('',(-22.47111109185,24.70419141465,
    -146.4144072187));
#1420 = VECTOR('',#1421,1.);
#1421 = DIRECTION('',(-0.371510791254,0.912714571966,0.170093627461));
#1422 = ORIENTED_EDGE('',*,*,#1423,.T.);
#1423 = EDGE_CURVE('',#1253,#1424,#1426,.T.);
#1424 = VERTEX_POINT('',#1425);
#1425 = CARTESIAN_POINT('',(-27.19637431152,26.512477676874,
    -148.3656098833));
#1426 = LINE('',#1427,#1428);
#1427 = CARTESIAN_POINT('',(-23.46962362275,27.157301684126,
    -145.9572452131));
#1428 = VECTOR('',#1429,1.);
#1429 = DIRECTION('',(-0.83115430723,-0.143811136239,-0.537122774296));
#1430 = ORIENTED_EDGE('',*,*,#1431,.T.);
#1431 = EDGE_CURVE('',#1424,#1401,#1432,.T.);
#1432 = LINE('',#1433,#1434);
#1433 = CARTESIAN_POINT('',(-29.54362008989,30.065685444383,
    -148.2202138181));
#1434 = VECTOR('',#1435,1.);
#1435 = DIRECTION('',(-0.550869364646,0.833893631159,3.412264655427E-02)
  );
#1436 = PLANE('',#1437);
#1437 = AXIS2_PLACEMENT_3D('',#1438,#1439,#1440);
#1438 = CARTESIAN_POINT('',(2.45678500938,31.643239194839,
    -129.2026373011));
#1439 = DIRECTION('',(0.467517100913,0.342193560906,-0.815065228818));
#1440 = DIRECTION('',(0.83115430723,0.143811136239,0.537122774296));
#1441 = ADVANCED_FACE('',(#1442),#1483,.T.);
#1442 = FACE_OUTER_BOUND('',#1443,.T.);
#1443 = EDGE_LOOP('',(#1444,#1452,#1461,#1469,#1477));
#1444 = ORIENTED_EDGE('',*,*,#1445,.F.);
#1445 = EDGE_CURVE('',#1446,#1088,#1448,.T.);
#1446 = VERTEX_POINT('',#1447);
#1447 = CARTESIAN_POINT('',(-30.22711406538,27.452475686328,
    -144.0531533128));
#1448 = LINE('',#1449,#1450);
#1449 = CARTESIAN_POINT('',(-31.19660913722,24.037483700645,
    -144.0322349338));
#1450 = VECTOR('',#1451,1.);
#1451 = DIRECTION('',(-0.273096894154,-0.961968484366,5.892494459209E-03
    ));
#1452 = ORIENTED_EDGE('',*,*,#1453,.T.);
#1453 = EDGE_CURVE('',#1446,#1454,#1456,.T.);
#1454 = VERTEX_POINT('',#1455);
#1455 = CARTESIAN_POINT('',(-28.32743891901,27.460622449657,
    -147.647316326));
#1456 = ELLIPSE('',#1457,9.275122705972,3.);
#1457 = AXIS2_PLACEMENT_3D('',#1458,#1459,#1460);
#1458 = CARTESIAN_POINT('',(-28.44181602427,21.540690434085,
    -150.5779609343));
#1459 = DIRECTION('',(-0.858295638505,0.240889363013,-0.453101436446));
#1460 = DIRECTION('',(0.156443198628,-0.718105154575,-0.678122785767));
#1461 = ORIENTED_EDGE('',*,*,#1462,.F.);
#1462 = EDGE_CURVE('',#1463,#1454,#1465,.T.);
#1463 = VERTEX_POINT('',#1464);
#1464 = CARTESIAN_POINT('',(-28.13223625867,27.116893075118,
    -148.1998247092));
#1465 = LINE('',#1466,#1467);
#1466 = CARTESIAN_POINT('',(-37.082037934,42.876461755195,
    -122.8679954964));
#1467 = VECTOR('',#1468,1.);
#1468 = DIRECTION('',(-0.2873364463,0.505966346967,0.813287047951));
#1469 = ORIENTED_EDGE('',*,*,#1470,.T.);
#1470 = EDGE_CURVE('',#1463,#1471,#1473,.T.);
#1471 = VERTEX_POINT('',#1472);
#1472 = CARTESIAN_POINT('',(-28.41634331944,26.419260906416,
    -148.03254278));
#1473 = LINE('',#1474,#1475);
#1474 = CARTESIAN_POINT('',(-26.62445050787,30.819299627069,
    -149.0876073235));
#1475 = VECTOR('',#1476,1.);
#1476 = DIRECTION('',(-0.368197640136,-0.904118741357,0.216794371064));
#1477 = ORIENTED_EDGE('',*,*,#1478,.T.);
#1478 = EDGE_CURVE('',#1471,#1088,#1479,.T.);
#1479 = LINE('',#1480,#1481);
#1480 = CARTESIAN_POINT('',(-28.41634331944,26.419260906416,
    -148.03254278));
#1481 = VECTOR('',#1482,1.);
#1482 = DIRECTION('',(-0.456365041467,4.543290301481E-02,0.88863198246)
  );
#1483 = PLANE('',#1484);
#1484 = AXIS2_PLACEMENT_3D('',#1485,#1486,#1487);
#1485 = CARTESIAN_POINT('',(-44.69811574776,28.040174255226,
    -116.3287477995));
#1486 = DIRECTION('',(-0.858295638505,0.240889363013,-0.453101436446));
#1487 = DIRECTION('',(-0.456365041467,4.543290301481E-02,0.88863198246)
  );
#1488 = ADVANCED_FACE('',(#1489),#1509,.F.);
#1489 = FACE_OUTER_BOUND('',#1490,.T.);
#1490 = EDGE_LOOP('',(#1491,#1492,#1493,#1499,#1500,#1501,#1507,#1508));
#1491 = ORIENTED_EDGE('',*,*,#443,.F.);
#1492 = ORIENTED_EDGE('',*,*,#1328,.T.);
#1493 = ORIENTED_EDGE('',*,*,#1494,.F.);
#1494 = EDGE_CURVE('',#1424,#1321,#1495,.T.);
#1495 = LINE('',#1496,#1497);
#1496 = CARTESIAN_POINT('',(-27.70058827004,31.309772390363,
    -148.8698238419));
#1497 = VECTOR('',#1498,1.);
#1498 = DIRECTION('',(0.103961640931,-0.989132930616,0.103961640931));
#1499 = ORIENTED_EDGE('',*,*,#1423,.F.);
#1500 = ORIENTED_EDGE('',*,*,#1252,.T.);
#1501 = ORIENTED_EDGE('',*,*,#1502,.T.);
#1502 = EDGE_CURVE('',#1245,#461,#1503,.T.);
#1503 = LINE('',#1504,#1505);
#1504 = CARTESIAN_POINT('',(-23.40204855615,26.514365279225,
    -145.8896701465));
#1505 = VECTOR('',#1506,1.);
#1506 = DIRECTION('',(-0.83115430723,-0.143811136239,-0.537122774296));
#1507 = ORIENTED_EDGE('',*,*,#460,.F.);
#1508 = ORIENTED_EDGE('',*,*,#556,.T.);
#1509 = PLANE('',#1510);
#1510 = AXIS2_PLACEMENT_3D('',#1511,#1512,#1513);
#1511 = CARTESIAN_POINT('',(-23.97383758127,31.954596397616,
    -146.4614591716));
#1512 = DIRECTION('',(-0.546236665548,3.056800064888E-02,0.837072937412)
  );
#1513 = DIRECTION('',(0.83115430723,0.143811136239,0.537122774296));
#1514 = ADVANCED_FACE('',(#1515),#1533,.F.);
#1515 = FACE_OUTER_BOUND('',#1516,.T.);
#1516 = EDGE_LOOP('',(#1517,#1518,#1524,#1525,#1526,#1527));
#1517 = ORIENTED_EDGE('',*,*,#1470,.F.);
#1518 = ORIENTED_EDGE('',*,*,#1519,.T.);
#1519 = EDGE_CURVE('',#1463,#1401,#1520,.T.);
#1520 = LINE('',#1521,#1522);
#1521 = CARTESIAN_POINT('',(-27.26685049209,27.183016448611,
    -148.4360860639));
#1522 = VECTOR('',#1523,1.);
#1523 = DIRECTION('',(0.962083737062,7.351198128555E-02,-0.262661134331)
  );
#1524 = ORIENTED_EDGE('',*,*,#1431,.F.);
#1525 = ORIENTED_EDGE('',*,*,#1494,.T.);
#1526 = ORIENTED_EDGE('',*,*,#1320,.T.);
#1527 = ORIENTED_EDGE('',*,*,#1528,.F.);
#1528 = EDGE_CURVE('',#1471,#1313,#1529,.T.);
#1529 = LINE('',#1530,#1531);
#1530 = CARTESIAN_POINT('',(-28.92055727796,31.216555619905,
    -148.5367567385));
#1531 = VECTOR('',#1532,1.);
#1532 = DIRECTION('',(0.103961640931,-0.989132930616,0.103961640931));
#1533 = PLANE('',#1534);
#1534 = AXIS2_PLACEMENT_3D('',#1535,#1536,#1537);
#1535 = CARTESIAN_POINT('',(-27.70058827004,31.309772390363,
    -148.8698238419));
#1536 = DIRECTION('',(0.252164351357,0.127326486552,0.959271132541));
#1537 = DIRECTION('',(-0.103961640931,0.989132930616,-0.103961640931));
#1538 = ADVANCED_FACE('',(#1539),#1564,.T.);
#1539 = FACE_OUTER_BOUND('',#1540,.T.);
#1540 = EDGE_LOOP('',(#1541,#1549,#1557,#1563));
#1541 = ORIENTED_EDGE('',*,*,#1542,.T.);
#1542 = EDGE_CURVE('',#1219,#1543,#1545,.T.);
#1543 = VERTEX_POINT('',#1544);
#1544 = CARTESIAN_POINT('',(-27.8485120149,31.417437791132,
    -129.6506773326));
#1545 = LINE('',#1546,#1547);
#1546 = CARTESIAN_POINT('',(-27.77163889756,31.721315307657,
    -129.7499910362));
#1547 = VECTOR('',#1548,1.);
#1548 = DIRECTION('',(0.233793836196,0.92418120644,-0.30204228151));
#1549 = ORIENTED_EDGE('',*,*,#1550,.T.);
#1550 = EDGE_CURVE('',#1543,#1551,#1553,.T.);
#1551 = VERTEX_POINT('',#1552);
#1552 = CARTESIAN_POINT('',(-29.74817389533,30.45823292506,
    -136.8772769439));
#1553 = LINE('',#1554,#1555);
#1554 = CARTESIAN_POINT('',(-35.68585066121,27.460094937637,
    -159.4650927283));
#1555 = VECTOR('',#1556,1.);
#1556 = DIRECTION('',(-0.252164351357,-0.127326486552,-0.959271132541));
#1557 = ORIENTED_EDGE('',*,*,#1558,.F.);
#1558 = EDGE_CURVE('',#1080,#1551,#1559,.T.);
#1559 = LINE('',#1560,#1561);
#1560 = CARTESIAN_POINT('',(-30.9778758222,26.239226509787,
    -136.2374170159));
#1561 = VECTOR('',#1562,1.);
#1562 = DIRECTION('',(0.276903694948,0.950033857694,-0.14408335421));
#1563 = ORIENTED_EDGE('',*,*,#1227,.T.);
#1564 = PLANE('',#1565);
#1565 = AXIS2_PLACEMENT_3D('',#1566,#1567,#1568);
#1566 = CARTESIAN_POINT('',(-36.53263222441,24.43026713086,
    -158.8403418807));
#1567 = DIRECTION('',(-0.9309732239,0.302376595409,0.204590446819));
#1568 = DIRECTION('',(-0.264011356356,-0.944646156173,0.19478614772));
#1569 = ADVANCED_FACE('',(#1570),#1585,.F.);
#1570 = FACE_OUTER_BOUND('',#1571,.T.);
#1571 = EDGE_LOOP('',(#1572,#1573,#1579,#1580,#1581,#1582,#1583,#1584));
#1572 = ORIENTED_EDGE('',*,*,#477,.F.);
#1573 = ORIENTED_EDGE('',*,*,#1574,.T.);
#1574 = EDGE_CURVE('',#469,#1096,#1575,.T.);
#1575 = LINE('',#1576,#1577);
#1576 = CARTESIAN_POINT('',(-28.34876825284,25.776324501515,
    -147.9649677134));
#1577 = VECTOR('',#1578,1.);
#1578 = DIRECTION('',(-0.456365041467,4.543290301481E-02,0.88863198246)
  );
#1579 = ORIENTED_EDGE('',*,*,#1095,.F.);
#1580 = ORIENTED_EDGE('',*,*,#1478,.F.);
#1581 = ORIENTED_EDGE('',*,*,#1528,.T.);
#1582 = ORIENTED_EDGE('',*,*,#1312,.T.);
#1583 = ORIENTED_EDGE('',*,*,#494,.F.);
#1584 = ORIENTED_EDGE('',*,*,#571,.T.);
#1585 = PLANE('',#1586);
#1586 = AXIS2_PLACEMENT_3D('',#1587,#1588,#1589);
#1587 = CARTESIAN_POINT('',(-28.92055727796,31.216555619905,
    -148.5367567385));
#1588 = DIRECTION('',(0.8836984362,0.139828097655,0.446682411748));
#1589 = DIRECTION('',(0.456365041467,-4.543290301481E-02,-0.88863198246)
  );
#1590 = ADVANCED_FACE('',(#1591),#1603,.F.);
#1591 = FACE_OUTER_BOUND('',#1592,.T.);
#1592 = EDGE_LOOP('',(#1593,#1594,#1595,#1596,#1597,#1598,#1599,#1600,
    #1601,#1602));
#1593 = ORIENTED_EDGE('',*,*,#468,.F.);
#1594 = ORIENTED_EDGE('',*,*,#1502,.F.);
#1595 = ORIENTED_EDGE('',*,*,#1244,.F.);
#1596 = ORIENTED_EDGE('',*,*,#326,.F.);
#1597 = ORIENTED_EDGE('',*,*,#532,.T.);
#1598 = ORIENTED_EDGE('',*,*,#391,.F.);
#1599 = ORIENTED_EDGE('',*,*,#508,.T.);
#1600 = ORIENTED_EDGE('',*,*,#170,.F.);
#1601 = ORIENTED_EDGE('',*,*,#1103,.F.);
#1602 = ORIENTED_EDGE('',*,*,#1574,.F.);
#1603 = PLANE('',#1604);
#1604 = AXIS2_PLACEMENT_3D('',#1605,#1606,#1607);
#1605 = CARTESIAN_POINT('',(-25.16153871526,26.019857937425,
    -148.8351220393));
#1606 = DIRECTION('',(-0.103961640931,0.989132930616,-0.103961640931));
#1607 = DIRECTION('',(-0.962083737062,-7.351198128555E-02,0.262661134331
    ));
#1608 = ADVANCED_FACE('',(#1609),#1628,.F.);
#1609 = FACE_OUTER_BOUND('',#1610,.T.);
#1610 = EDGE_LOOP('',(#1611,#1619,#1625,#1626,#1627));
#1611 = ORIENTED_EDGE('',*,*,#1612,.T.);
#1612 = EDGE_CURVE('',#1551,#1613,#1615,.T.);
#1613 = VERTEX_POINT('',#1614);
#1614 = CARTESIAN_POINT('',(-29.66244494052,30.074050791991,
    -140.6182694725));
#1615 = LINE('',#1616,#1617);
#1616 = CARTESIAN_POINT('',(-29.65661050062,30.047904578344,
    -140.8728695215));
#1617 = VECTOR('',#1618,1.);
#1618 = DIRECTION('',(2.27902853173E-02,-0.102131426258,-0.994509816274)
  );
#1619 = ORIENTED_EDGE('',*,*,#1620,.T.);
#1620 = EDGE_CURVE('',#1613,#1446,#1621,.T.);
#1621 = LINE('',#1622,#1623);
#1622 = CARTESIAN_POINT('',(-32.50508023702,16.876619589035,
    -157.910027803));
#1623 = VECTOR('',#1624,1.);
#1624 = DIRECTION('',(-0.129578309976,-0.601589951905,-0.788225216135));
#1625 = ORIENTED_EDGE('',*,*,#1445,.T.);
#1626 = ORIENTED_EDGE('',*,*,#1087,.F.);
#1627 = ORIENTED_EDGE('',*,*,#1558,.T.);
#1628 = PLANE('',#1629);
#1629 = AXIS2_PLACEMENT_3D('',#1630,#1631,#1632);
#1630 = CARTESIAN_POINT('',(-30.00120938227,24.555297757506,
    -164.182172975));
#1631 = DIRECTION('',(0.960862314557,-0.272476578915,5.000126405204E-02)
  );
#1632 = DIRECTION('',(0.276942244474,0.940346460978,-0.197614590941));
#1633 = ADVANCED_FACE('',(#1634),#1659,.T.);
#1634 = FACE_OUTER_BOUND('',#1635,.T.);
#1635 = EDGE_LOOP('',(#1636,#1644,#1652,#1658));
#1636 = ORIENTED_EDGE('',*,*,#1637,.F.);
#1637 = EDGE_CURVE('',#1638,#1120,#1640,.T.);
#1638 = VERTEX_POINT('',#1639);
#1639 = CARTESIAN_POINT('',(-20.99610041389,31.126971245014,
    -139.2667046619));
#1640 = LINE('',#1641,#1642);
#1641 = CARTESIAN_POINT('',(-19.02920200295,27.152214280343,
    -139.4995574079));
#1642 = VECTOR('',#1643,1.);
#1643 = DIRECTION('',(0.442905248561,-0.895033882592,-5.243367057737E-02
    ));
#1644 = ORIENTED_EDGE('',*,*,#1645,.T.);
#1645 = EDGE_CURVE('',#1638,#1646,#1648,.T.);
#1646 = VERTEX_POINT('',#1647);
#1647 = CARTESIAN_POINT('',(-19.09643853346,32.086176111085,
    -132.0401050506));
#1648 = LINE('',#1649,#1650);
#1649 = CARTESIAN_POINT('',(-26.93377717977,28.128833257591,
    -161.8545204463));
#1650 = VECTOR('',#1651,1.);
#1651 = DIRECTION('',(0.252164351357,0.127326486552,0.959271132541));
#1652 = ORIENTED_EDGE('',*,*,#1653,.T.);
#1653 = EDGE_CURVE('',#1646,#1128,#1654,.T.);
#1654 = LINE('',#1655,#1656);
#1655 = CARTESIAN_POINT('',(-19.25505054309,32.372060413943,
    -132.0751283103));
#1656 = VECTOR('',#1657,1.);
#1657 = DIRECTION('',(0.482385930028,-0.869458533617,0.106516068422));
#1658 = ORIENTED_EDGE('',*,*,#1127,.T.);
#1659 = PLANE('',#1660);
#1660 = AXIS2_PLACEMENT_3D('',#1661,#1662,#1663);
#1661 = CARTESIAN_POINT('',(-25.4686692482,25.275654915644,
    -161.8609449255));
#1662 = DIRECTION('',(0.85308379159,0.438694839739,-0.282479879129));
#1663 = DIRECTION('',(0.456794466287,-0.889570010403,-2.003037789314E-03
    ));
#1664 = ADVANCED_FACE('',(#1665),#1684,.F.);
#1665 = FACE_OUTER_BOUND('',#1666,.T.);
#1666 = EDGE_LOOP('',(#1667,#1668,#1676,#1682,#1683));
#1667 = ORIENTED_EDGE('',*,*,#1417,.T.);
#1668 = ORIENTED_EDGE('',*,*,#1669,.T.);
#1669 = EDGE_CURVE('',#1409,#1670,#1672,.T.);
#1670 = VERTEX_POINT('',#1671);
#1671 = CARTESIAN_POINT('',(-22.90544409006,30.590347348029,
    -142.4630169095));
#1672 = LINE('',#1673,#1674);
#1673 = CARTESIAN_POINT('',(-27.3583196163,17.269879090113,
    -159.315159114));
#1674 = VECTOR('',#1675,1.);
#1675 = DIRECTION('',(0.202979286838,0.607198456684,0.768185813013));
#1676 = ORIENTED_EDGE('',*,*,#1677,.T.);
#1677 = EDGE_CURVE('',#1670,#1638,#1678,.T.);
#1678 = LINE('',#1679,#1680);
#1679 = CARTESIAN_POINT('',(-21.05017497194,31.111773509568,
    -139.357227481));
#1680 = VECTOR('',#1681,1.);
#1681 = DIRECTION('',(0.507582149399,0.142656722543,0.849711375188));
#1682 = ORIENTED_EDGE('',*,*,#1637,.T.);
#1683 = ORIENTED_EDGE('',*,*,#1260,.F.);
#1684 = PLANE('',#1685);
#1685 = AXIS2_PLACEMENT_3D('',#1686,#1687,#1688);
#1686 = CARTESIAN_POINT('',(-33.74575158134,24.269180546023,
    -163.1598651824));
#1687 = DIRECTION('',(-0.754083357804,-0.403514085647,0.518203311614));
#1688 = DIRECTION('',(-0.468622687993,0.883378493168,5.934147422648E-03)
  );
#1689 = ADVANCED_FACE('',(#1690),#1717,.F.);
#1690 = FACE_OUTER_BOUND('',#1691,.T.);
#1691 = EDGE_LOOP('',(#1692,#1700,#1708,#1714,#1715,#1716));
#1692 = ORIENTED_EDGE('',*,*,#1693,.T.);
#1693 = EDGE_CURVE('',#1454,#1694,#1696,.T.);
#1694 = VERTEX_POINT('',#1695);
#1695 = CARTESIAN_POINT('',(-27.68879749065,30.425626903264,
    -143.76245876));
#1696 = LINE('',#1697,#1698);
#1697 = CARTESIAN_POINT('',(-27.18020332711,32.786864200137,
    -140.6686790637));
#1698 = VECTOR('',#1699,1.);
#1699 = DIRECTION('',(0.129578309976,0.601589951905,0.788225216135));
#1700 = ORIENTED_EDGE('',*,*,#1701,.T.);
#1701 = EDGE_CURVE('',#1694,#1702,#1704,.T.);
#1702 = VERTEX_POINT('',#1703);
#1703 = CARTESIAN_POINT('',(-26.22424909375,30.537531772037,
    -144.1622991568));
#1704 = LINE('',#1705,#1706);
#1705 = CARTESIAN_POINT('',(-26.37220127633,30.526226874492,
    -144.1219063234));
#1706 = VECTOR('',#1707,1.);
#1707 = DIRECTION('',(0.962083737062,7.351198128555E-02,-0.262661134331)
  );
#1708 = ORIENTED_EDGE('',*,*,#1709,.T.);
#1709 = EDGE_CURVE('',#1702,#1399,#1710,.T.);
#1710 = LINE('',#1711,#1712);
#1711 = CARTESIAN_POINT('',(-25.43529951988,32.897619695873,
    -141.1764778976));
#1712 = VECTOR('',#1713,1.);
#1713 = DIRECTION('',(-0.202979286838,-0.607198456684,-0.768185813013));
#1714 = ORIENTED_EDGE('',*,*,#1398,.T.);
#1715 = ORIENTED_EDGE('',*,*,#1519,.F.);
#1716 = ORIENTED_EDGE('',*,*,#1462,.T.);
#1717 = PLANE('',#1718);
#1718 = AXIS2_PLACEMENT_3D('',#1719,#1720,#1721);
#1719 = CARTESIAN_POINT('',(-26.78231189074,32.82655380526,
    -140.7643813655));
#1720 = DIRECTION('',(0.216115597744,-0.792951002358,0.569668988336));
#1721 = DIRECTION('',(0.166399913739,0.604834437237,0.778772349432));
#1722 = ADVANCED_FACE('',(#1723),#1783,.T.);
#1723 = FACE_OUTER_BOUND('',#1724,.T.);
#1724 = EDGE_LOOP('',(#1725,#1726,#1735,#1754,#1755,#1776));
#1725 = ORIENTED_EDGE('',*,*,#1376,.F.);
#1726 = ORIENTED_EDGE('',*,*,#1727,.T.);
#1727 = EDGE_CURVE('',#1369,#1728,#1730,.T.);
#1728 = VERTEX_POINT('',#1729);
#1729 = CARTESIAN_POINT('',(-27.40158739551,32.221820104793,
    -129.3681356538));
#1730 = B_SPLINE_CURVE_WITH_KNOTS('',3,(#1731,#1732,#1733,#1734),
  .UNSPECIFIED.,.F.,.F.,(4,4),(0.,1.),.UNSPECIFIED.);
#1731 = CARTESIAN_POINT('',(-25.95426273916,33.18141855357,
    -132.808553822));
#1732 = CARTESIAN_POINT('',(-26.52846439823,33.244334238629,
    -131.635746991));
#1733 = CARTESIAN_POINT('',(-27.08258328204,32.971291245015,
    -130.4120607767));
#1734 = CARTESIAN_POINT('',(-27.40158739551,32.221820104793,
    -129.3681356538));
#1735 = ORIENTED_EDGE('',*,*,#1736,.T.);
#1736 = EDGE_CURVE('',#1728,#1176,#1737,.T.);
#1737 = B_SPLINE_CURVE_WITH_KNOTS('',3,(#1738,#1739,#1740,#1741,#1742,
    #1743,#1744,#1745,#1746,#1747,#1748,#1749,#1750,#1751,#1752,#1753),
  .UNSPECIFIED.,.F.,.F.,(4,3,3,3,3,4),(0.,3.845165958908E-02,
    0.465107017141,0.897006909146,0.995072891307,1.),.UNSPECIFIED.);
#1738 = CARTESIAN_POINT('',(-27.40158739551,32.221820104793,
    -129.3681356538));
#1739 = CARTESIAN_POINT('',(-27.39273758077,32.200571800988,
    -129.3416203081));
#1740 = CARTESIAN_POINT('',(-27.38355888401,32.178982445852,
    -129.3154814525));
#1741 = CARTESIAN_POINT('',(-27.37407996691,32.157069337505,
    -129.2897357925));
#1742 = CARTESIAN_POINT('',(-27.27017583372,31.916866527111,
    -129.0075220699));
#1743 = CARTESIAN_POINT('',(-27.12921960618,31.633664675094,
    -128.7701745668));
#1744 = CARTESIAN_POINT('',(-26.98154916866,31.328689057882,
    -128.5876331769));
#1745 = CARTESIAN_POINT('',(-26.83174175654,31.019300064797,
    -128.4024501864));
#1746 = CARTESIAN_POINT('',(-26.67107847529,30.680200851818,
    -128.2682935324));
#1747 = CARTESIAN_POINT('',(-26.52117137878,30.32907589041,
    -128.1864664365));
#1748 = CARTESIAN_POINT('',(-26.48680969187,30.248591068332,
    -128.1677100393));
#1749 = CARTESIAN_POINT('',(-26.45289314376,30.167247714899,
    -128.1516113553));
#1750 = CARTESIAN_POINT('',(-26.41965280971,30.085243683638,
    -128.1381668918));
#1751 = CARTESIAN_POINT('',(-26.41799875891,30.081163133986,
    -128.1374978905));
#1752 = CARTESIAN_POINT('',(-26.41634633289,30.077080845513,
    -128.1368354417));
#1753 = CARTESIAN_POINT('',(-26.41469557611,30.07299683696,
    -128.1361795389));
#1754 = ORIENTED_EDGE('',*,*,#1175,.F.);
#1755 = ORIENTED_EDGE('',*,*,#1756,.T.);
#1756 = EDGE_CURVE('',#1168,#1757,#1759,.T.);
#1757 = VERTEX_POINT('',#1758);
#1758 = CARTESIAN_POINT('',(-19.44784701172,32.829558487347,
    -131.5396082512));
#1759 = B_SPLINE_CURVE_WITH_KNOTS('',3,(#1760,#1761,#1762,#1763,#1764,
    #1765,#1766,#1767,#1768,#1769,#1770,#1771,#1772,#1773,#1774,#1775),
  .UNSPECIFIED.,.F.,.F.,(4,3,3,3,3,4),(0.,4.927108692985E-03,
    0.102993090854,0.534892982859,0.961548340411,1.),.UNSPECIFIED.);
#1760 = CARTESIAN_POINT('',(-19.36131418297,30.611939572397,
    -130.0618426452));
#1761 = CARTESIAN_POINT('',(-19.36081821819,30.616187610077,
    -130.0630846303));
#1762 = CARTESIAN_POINT('',(-19.36032389766,30.620433929586,
    -130.0643331684));
#1763 = CARTESIAN_POINT('',(-19.35983125977,30.624678505854,
    -130.065588243));
#1764 = CARTESIAN_POINT('',(-19.34993105103,30.709978868456,
    -130.0908106251));
#1765 = CARTESIAN_POINT('',(-19.34070324318,30.794618844588,
    -130.1186882687));
#1766 = CARTESIAN_POINT('',(-19.33231830886,30.878369898803,
    -130.1491150389));
#1767 = CARTESIAN_POINT('',(-19.29573799888,31.243744200687,
    -130.2818555759));
#1768 = CARTESIAN_POINT('',(-19.27474844849,31.596723348484,
    -130.4656057704));
#1769 = CARTESIAN_POINT('',(-19.28458594845,31.916807320776,
    -130.6890023326));
#1770 = CARTESIAN_POINT('',(-19.29428311833,32.232325355324,
    -130.9092121848));
#1771 = CARTESIAN_POINT('',(-19.33431483673,32.523238761275,
    -131.1741133666));
#1772 = CARTESIAN_POINT('',(-19.42247905725,32.764644244702,
    -131.4606242861));
#1773 = CARTESIAN_POINT('',(-19.43052206105,32.786667069935,
    -131.4867619687));
#1774 = CARTESIAN_POINT('',(-19.43897354346,32.808311990886,
    -131.5130993632));
#1775 = CARTESIAN_POINT('',(-19.44784701172,32.829558487347,
    -131.5396082512));
#1776 = ORIENTED_EDGE('',*,*,#1777,.T.);
#1777 = EDGE_CURVE('',#1757,#1377,#1778,.T.);
#1778 = B_SPLINE_CURVE_WITH_KNOTS('',3,(#1779,#1780,#1781,#1782),
  .UNSPECIFIED.,.F.,.F.,(4,4),(0.,1.),.UNSPECIFIED.);
#1779 = CARTESIAN_POINT('',(-19.44784701172,32.829558487347,
    -131.5396082512));
#1780 = CARTESIAN_POINT('',(-20.3530027382,33.485492639282,
    -132.2493221201));
#1781 = CARTESIAN_POINT('',(-21.48175208208,33.629949135801,
    -133.0135638384));
#1782 = CARTESIAN_POINT('',(-22.55436030419,33.441202140532,
    -133.7367705621));
#1783 = CYLINDRICAL_SURFACE('',#1784,4.);
#1784 = AXIS2_PLACEMENT_3D('',#1785,#1786,#1787);
#1785 = CARTESIAN_POINT('',(-21.26121992433,29.551703675266,
    -133.5604364026));
#1786 = DIRECTION('',(0.962083737062,7.351198128555E-02,-0.262661134331)
  );
#1787 = DIRECTION('',(-0.103961640931,0.989132930616,-0.103961640931));
#1788 = ADVANCED_FACE('',(#1789),#1806,.T.);
#1789 = FACE_OUTER_BOUND('',#1790,.T.);
#1790 = EDGE_LOOP('',(#1791,#1792,#1802,#1803,#1804,#1805));
#1791 = ORIENTED_EDGE('',*,*,#1653,.F.);
#1792 = ORIENTED_EDGE('',*,*,#1793,.T.);
#1793 = EDGE_CURVE('',#1646,#1757,#1794,.T.);
#1794 = B_SPLINE_CURVE_WITH_KNOTS('',3,(#1795,#1796,#1797,#1798,#1799,
    #1800,#1801),.UNSPECIFIED.,.F.,.F.,(4,3,4),(0.,1.142811436077E-02,1.
    ),.UNSPECIFIED.);
#1795 = CARTESIAN_POINT('',(-19.09643853346,32.086176111085,
    -132.0401050506));
#1796 = CARTESIAN_POINT('',(-19.09740183893,32.08921572797,
    -132.038293651));
#1797 = CARTESIAN_POINT('',(-19.09836936909,32.092253172798,
    -132.0364808464));
#1798 = CARTESIAN_POINT('',(-19.09934112511,32.095288433884,
    -132.0346666586));
#1799 = CARTESIAN_POINT('',(-19.18340142132,32.357849139867,
    -131.8777330663));
#1800 = CARTESIAN_POINT('',(-19.29980914843,32.606000910666,
    -131.709134683));
#1801 = CARTESIAN_POINT('',(-19.44784701172,32.829558487347,
    -131.5396082512));
#1802 = ORIENTED_EDGE('',*,*,#1756,.F.);
#1803 = ORIENTED_EDGE('',*,*,#1167,.F.);
#1804 = ORIENTED_EDGE('',*,*,#1277,.F.);
#1805 = ORIENTED_EDGE('',*,*,#1135,.F.);
#1806 = CYLINDRICAL_SURFACE('',#1807,1.5);
#1807 = AXIS2_PLACEMENT_3D('',#1808,#1809,#1810);
#1808 = CARTESIAN_POINT('',(-19.79910583558,30.3882167221,
    -131.4889865351));
#1809 = DIRECTION('',(-0.482385930028,0.869458533617,-0.106516068422));
#1810 = DIRECTION('',(-0.85308379159,-0.438694839739,0.282479879129));
#1811 = ADVANCED_FACE('',(#1812),#1825,.T.);
#1812 = FACE_OUTER_BOUND('',#1813,.T.);
#1813 = EDGE_LOOP('',(#1814,#1815,#1816,#1823,#1824));
#1814 = ORIENTED_EDGE('',*,*,#1793,.F.);
#1815 = ORIENTED_EDGE('',*,*,#1645,.F.);
#1816 = ORIENTED_EDGE('',*,*,#1817,.F.);
#1817 = EDGE_CURVE('',#1343,#1638,#1818,.T.);
#1818 = ELLIPSE('',#1819,3.029482717556,3.);
#1819 = AXIS2_PLACEMENT_3D('',#1820,#1821,#1822);
#1820 = CARTESIAN_POINT('',(-23.45677530238,29.860661396909,
    -138.0442652391));
#1821 = DIRECTION('',(-0.383606482294,-0.13631824433,-0.913380207255));
#1822 = DIRECTION('',(0.917626309538,5.507614576927E-02,-0.393609672405)
  );
#1823 = ORIENTED_EDGE('',*,*,#1384,.F.);
#1824 = ORIENTED_EDGE('',*,*,#1777,.F.);
#1825 = CYLINDRICAL_SURFACE('',#1826,3.);
#1826 = AXIS2_PLACEMENT_3D('',#1827,#1828,#1829);
#1827 = CARTESIAN_POINT('',(-26.29873663372,28.425657006766,
    -148.8555137375));
#1828 = DIRECTION('',(-0.252164351357,-0.127326486552,-0.959271132541));
#1829 = DIRECTION('',(0.103961640931,-0.989132930616,0.103961640931));
#1830 = ADVANCED_FACE('',(#1831),#1852,.T.);
#1831 = FACE_OUTER_BOUND('',#1832,.T.);
#1832 = EDGE_LOOP('',(#1833,#1842,#1849,#1850,#1851));
#1833 = ORIENTED_EDGE('',*,*,#1834,.F.);
#1834 = EDGE_CURVE('',#1835,#1670,#1837,.T.);
#1835 = VERTEX_POINT('',#1836);
#1836 = CARTESIAN_POINT('',(-24.39501692765,31.909594116978,
    -142.4202521448));
#1837 = ELLIPSE('',#1838,3.125690410858,3.);
#1838 = AXIS2_PLACEMENT_3D('',#1839,#1840,#1841);
#1839 = CARTESIAN_POINT('',(-25.16769416347,29.379805091088,
    -140.9084069746));
#1840 = DIRECTION('',(-0.370165844595,-0.390635857207,-0.842840954486));
#1841 = DIRECTION('',(-0.542526991935,0.827393503569,-0.145204866562));
#1842 = ORIENTED_EDGE('',*,*,#1843,.T.);
#1843 = EDGE_CURVE('',#1835,#1345,#1844,.T.);
#1844 = B_SPLINE_CURVE_WITH_KNOTS('',3,(#1845,#1846,#1847,#1848),
  .UNSPECIFIED.,.F.,.F.,(4,4),(0.,1.),.UNSPECIFIED.);
#1845 = CARTESIAN_POINT('',(-24.39501692765,31.909594116978,
    -142.4202521448));
#1846 = CARTESIAN_POINT('',(-24.3893886404,32.296762731972,
    -141.4631748194));
#1847 = CARTESIAN_POINT('',(-24.41157429087,32.539320136094,
    -140.4604252702));
#1848 = CARTESIAN_POINT('',(-24.41842507692,32.645442804985,
    -139.443880663));
#1849 = ORIENTED_EDGE('',*,*,#1342,.F.);
#1850 = ORIENTED_EDGE('',*,*,#1817,.T.);
#1851 = ORIENTED_EDGE('',*,*,#1677,.F.);
#1852 = CYLINDRICAL_SURFACE('',#1853,3.);
#1853 = AXIS2_PLACEMENT_3D('',#1854,#1855,#1856);
#1854 = CARTESIAN_POINT('',(-37.34481880814,25.957405990056,
    -161.29336602));
#1855 = DIRECTION('',(-0.507582149399,-0.142656722543,-0.849711375188));
#1856 = DIRECTION('',(-0.855308329684,-3.556831572377E-02,0.516897045929
    ));
#1857 = ADVANCED_FACE('',(#1858),#1871,.T.);
#1858 = FACE_OUTER_BOUND('',#1859,.T.);
#1859 = EDGE_LOOP('',(#1860,#1861,#1868,#1869,#1870));
#1860 = ORIENTED_EDGE('',*,*,#1709,.F.);
#1861 = ORIENTED_EDGE('',*,*,#1862,.T.);
#1862 = EDGE_CURVE('',#1702,#1835,#1863,.T.);
#1863 = B_SPLINE_CURVE_WITH_KNOTS('',3,(#1864,#1865,#1866,#1867),
  .UNSPECIFIED.,.F.,.F.,(4,4),(0.,1.),.UNSPECIFIED.);
#1864 = CARTESIAN_POINT('',(-26.22424909375,30.537531772037,
    -144.1622991568));
#1865 = CARTESIAN_POINT('',(-25.6275124901,31.075411266456,
    -143.6399818067));
#1866 = CARTESIAN_POINT('',(-25.00914439115,31.536021455466,
    -143.0622534679));
#1867 = CARTESIAN_POINT('',(-24.39501692765,31.909594116978,
    -142.4202521448));
#1868 = ORIENTED_EDGE('',*,*,#1834,.T.);
#1869 = ORIENTED_EDGE('',*,*,#1669,.F.);
#1870 = ORIENTED_EDGE('',*,*,#1408,.F.);
#1871 = CYLINDRICAL_SURFACE('',#1872,3.);
#1872 = AXIS2_PLACEMENT_3D('',#1873,#1874,#1875);
#1873 = CARTESIAN_POINT('',(-29.62056968971,16.059336833172,
    -157.7605491792));
#1874 = DIRECTION('',(0.202979286838,0.607198456684,0.768185813013));
#1875 = DIRECTION('',(-0.216115597744,0.792951002358,-0.569668988336));
#1876 = ADVANCED_FACE('',(#1877),#1894,.T.);
#1877 = FACE_OUTER_BOUND('',#1878,.T.);
#1878 = EDGE_LOOP('',(#1879,#1880,#1890,#1891,#1892,#1893));
#1879 = ORIENTED_EDGE('',*,*,#1736,.F.);
#1880 = ORIENTED_EDGE('',*,*,#1881,.T.);
#1881 = EDGE_CURVE('',#1728,#1543,#1882,.T.);
#1882 = B_SPLINE_CURVE_WITH_KNOTS('',3,(#1883,#1884,#1885,#1886,#1887,
    #1888,#1889),.UNSPECIFIED.,.F.,.F.,(4,3,4),(0.,0.988571885639,1.),
  .UNSPECIFIED.);
#1883 = CARTESIAN_POINT('',(-27.40158739551,32.221820104793,
    -129.3681356538));
#1884 = CARTESIAN_POINT('',(-27.58165600157,31.97319219826,
    -129.4480848336));
#1885 = CARTESIAN_POINT('',(-27.73085283948,31.704745813737,
    -129.5441697821));
#1886 = CARTESIAN_POINT('',(-27.84458164632,31.427072214477,
    -129.647104426));
#1887 = CARTESIAN_POINT('',(-27.84589637702,31.42386224493,
    -129.6482943737));
#1888 = CARTESIAN_POINT('',(-27.84720650264,31.420650766406,
    -129.6494853492));
#1889 = CARTESIAN_POINT('',(-27.8485120149,31.417437791132,
    -129.6506773326));
#1890 = ORIENTED_EDGE('',*,*,#1542,.F.);
#1891 = ORIENTED_EDGE('',*,*,#1218,.F.);
#1892 = ORIENTED_EDGE('',*,*,#1295,.F.);
#1893 = ORIENTED_EDGE('',*,*,#1183,.F.);
#1894 = CYLINDRICAL_SURFACE('',#1895,1.5);
#1895 = AXIS2_PLACEMENT_3D('',#1896,#1897,#1898);
#1896 = CARTESIAN_POINT('',(-26.37517906171,31.267750414544,
    -130.0568767064));
#1897 = DIRECTION('',(0.233793836196,0.92418120644,-0.30204228151));
#1898 = DIRECTION('',(-0.9309732239,0.302376595409,0.204590446819));
#1899 = ADVANCED_FACE('',(#1900),#1913,.T.);
#1900 = FACE_OUTER_BOUND('',#1901,.T.);
#1901 = EDGE_LOOP('',(#1902,#1903,#1904,#1911,#1912));
#1902 = ORIENTED_EDGE('',*,*,#1727,.F.);
#1903 = ORIENTED_EDGE('',*,*,#1368,.F.);
#1904 = ORIENTED_EDGE('',*,*,#1905,.F.);
#1905 = EDGE_CURVE('',#1551,#1361,#1906,.T.);
#1906 = ELLIPSE('',#1907,3.029482717556,3.);
#1907 = AXIS2_PLACEMENT_3D('',#1908,#1909,#1910);
#1908 = CARTESIAN_POINT('',(-26.85667773735,29.600877809946,
    -137.1160484989));
#1909 = DIRECTION('',(-0.115814128154,-0.115856463544,-0.986490936388));
#1910 = DIRECTION('',(0.987815298998,9.051698970474E-02,-0.12660019605)
  );
#1911 = ORIENTED_EDGE('',*,*,#1550,.F.);
#1912 = ORIENTED_EDGE('',*,*,#1881,.F.);
#1913 = CYLINDRICAL_SURFACE('',#1914,3.);
#1914 = AXIS2_PLACEMENT_3D('',#1915,#1916,#1917);
#1915 = CARTESIAN_POINT('',(-29.69863906869,28.165873419804,
    -147.9272969973));
#1916 = DIRECTION('',(0.252164351357,0.127326486552,0.959271132541));
#1917 = DIRECTION('',(-0.103961640931,0.989132930616,-0.103961640931));
#1918 = ADVANCED_FACE('',(#1919),#1940,.T.);
#1919 = FACE_OUTER_BOUND('',#1920,.T.);
#1920 = EDGE_LOOP('',(#1921,#1922,#1931,#1938,#1939));
#1921 = ORIENTED_EDGE('',*,*,#1360,.F.);
#1922 = ORIENTED_EDGE('',*,*,#1923,.T.);
#1923 = EDGE_CURVE('',#1353,#1924,#1926,.T.);
#1924 = VERTEX_POINT('',#1925);
#1925 = CARTESIAN_POINT('',(-28.55949842849,31.591389708817,
    -141.2832955653));
#1926 = B_SPLINE_CURVE_WITH_KNOTS('',3,(#1927,#1928,#1929,#1930),
  .UNSPECIFIED.,.F.,.F.,(4,4),(0.,1.),.UNSPECIFIED.);
#1927 = CARTESIAN_POINT('',(-27.1393884144,32.437536363748,
    -138.7010229583));
#1928 = CARTESIAN_POINT('',(-27.6439746119,32.292335239921,
    -139.5779387441));
#1929 = CARTESIAN_POINT('',(-28.1353433188,32.010537594173,
    -140.4404814019));
#1930 = CARTESIAN_POINT('',(-28.55949842849,31.591389708817,
    -141.2832955653));
#1931 = ORIENTED_EDGE('',*,*,#1932,.F.);
#1932 = EDGE_CURVE('',#1613,#1924,#1933,.T.);
#1933 = ELLIPSE('',#1934,3.125690410858,3.);
#1934 = AXIS2_PLACEMENT_3D('',#1935,#1936,#1937);
#1935 = CARTESIAN_POINT('',(-26.77985799685,29.256621055247,
    -140.4682656804));
#1936 = DIRECTION('',(-5.563105077841E-02,-0.366602527273,
    -0.928712965984));
#1937 = DIRECTION('',(-0.271383121533,-0.889583667195,0.367412711276));
#1938 = ORIENTED_EDGE('',*,*,#1612,.F.);
#1939 = ORIENTED_EDGE('',*,*,#1905,.T.);
#1940 = CYLINDRICAL_SURFACE('',#1941,3.);
#1941 = AXIS2_PLACEMENT_3D('',#1942,#1943,#1944);
#1942 = CARTESIAN_POINT('',(-26.23310877542,26.806442085885,
    -164.3270046204));
#1943 = DIRECTION('',(-2.27902853173E-02,0.102131426258,0.994509816274)
  );
#1944 = DIRECTION('',(0.994320159762,0.105760187881,1.192487104106E-02)
  );
#1945 = ADVANCED_FACE('',(#1946),#1959,.T.);
#1946 = FACE_OUTER_BOUND('',#1947,.T.);
#1947 = EDGE_LOOP('',(#1948,#1949,#1956,#1957,#1958));
#1948 = ORIENTED_EDGE('',*,*,#1932,.T.);
#1949 = ORIENTED_EDGE('',*,*,#1950,.T.);
#1950 = EDGE_CURVE('',#1924,#1694,#1951,.T.);
#1951 = B_SPLINE_CURVE_WITH_KNOTS('',3,(#1952,#1953,#1954,#1955),
  .UNSPECIFIED.,.F.,.F.,(4,4),(0.,1.),.UNSPECIFIED.);
#1952 = CARTESIAN_POINT('',(-28.55949842849,31.591389708817,
    -141.2832955653));
#1953 = CARTESIAN_POINT('',(-28.3083752753,31.283930094113,
    -142.1615213454));
#1954 = CARTESIAN_POINT('',(-28.00884722285,30.893455551418,
    -142.9898470439));
#1955 = CARTESIAN_POINT('',(-27.68879749065,30.425626903264,
    -143.76245876));
#1956 = ORIENTED_EDGE('',*,*,#1693,.F.);
#1957 = ORIENTED_EDGE('',*,*,#1453,.F.);
#1958 = ORIENTED_EDGE('',*,*,#1620,.F.);
#1959 = CYLINDRICAL_SURFACE('',#1960,3.);
#1960 = AXIS2_PLACEMENT_3D('',#1961,#1962,#1963);
#1961 = CARTESIAN_POINT('',(-29.62249329335,16.059189852291,
    -157.7600240108));
#1962 = DIRECTION('',(-0.129578309976,-0.601589951905,-0.788225216135));
#1963 = DIRECTION('',(0.216115597744,-0.792951002358,0.569668988336));
#1964 = ADVANCED_FACE('',(#1965),#1973,.T.);
#1965 = FACE_OUTER_BOUND('',#1966,.T.);
#1966 = EDGE_LOOP('',(#1967,#1968,#1969,#1970,#1971,#1972));
#1967 = ORIENTED_EDGE('',*,*,#1923,.F.);
#1968 = ORIENTED_EDGE('',*,*,#1352,.F.);
#1969 = ORIENTED_EDGE('',*,*,#1843,.F.);
#1970 = ORIENTED_EDGE('',*,*,#1862,.F.);
#1971 = ORIENTED_EDGE('',*,*,#1701,.F.);
#1972 = ORIENTED_EDGE('',*,*,#1950,.F.);
#1973 = CYLINDRICAL_SURFACE('',#1974,10.5);
#1974 = AXIS2_PLACEMENT_3D('',#1975,#1976,#1977);
#1975 = CARTESIAN_POINT('',(-25.16835138441,22.118837822251,
    -137.8495240137));
#1976 = DIRECTION('',(-0.962083737062,-7.351198128555E-02,0.262661134331
    ));
#1977 = DIRECTION('',(0.103961640931,-0.989132930616,0.103961640931));
#1978 = SHAPE_REPRESENTATION_RELATIONSHIP('None',
  'relationship between NOCUT-None and NOCUT-None',#4,#34);
#1979 = SHAPE_DEFINITION_REPRESENTATION(#1980,#4);
#1980 = PRODUCT_DEFINITION_SHAPE('','',#1982);
#1981 = PRODUCT_DEFINITION_FORMATION(' ',' ',#1983);
#1982 = PRODUCT_DEFINITION(' ','',#1981,#1985);
#1983 = PRODUCT('5734757','DWLNR 2525M 06',
  'T-Max\\X\\AE P, shank tool for turning',(#1984));
#1984 = PRODUCT_CONTEXT(' ',#2,'mechanical');
#1985 = PRODUCT_DEFINITION_CONTEXT('part definition',#2,'design');
#1986 = PRODUCT_DEFINITION_CONTEXT('part definition',#2,'design');
#1987 = PRODUCT_DEFINITION_CONTEXT('part definition',#2,'design');
#1988 = PRODUCT_DEFINITION_CONTEXT('part definition',#2,'design');
#1989 = PRODUCT_RELATED_PRODUCT_CATEGORY('part','',(#1983));
#1990 = SURFACE_STYLE_USAGE(.BOTH.,#1991);
#1991 = SURFACE_SIDE_STYLE('',(#1992));
#1992 = SURFACE_STYLE_FILL_AREA(#1993);
#1993 = FILL_AREA_STYLE('',(#1994));
#1994 = FILL_AREA_STYLE_COLOUR('',#1995);
#1995 = COLOUR_RGB('TLS_NOCUT',0.5,0.5,0.5);
#1996 = PRESENTATION_LAYER_ASSIGNMENT('1','Layer 1',(#1997,#35));
#1997 = CARTESIAN_POINT('',(-27.24212084245,26.073715134656,
    -146.2421208424));
#1998 = STYLED_ITEM('',(#1999),#1997);
#1999 = PRESENTATION_STYLE_ASSIGNMENT((#2000));
#2000 = POINT_STYLE('',$  /*   NUL REF   */,POSITIVE_LENGTH_MEASURE(3.),
  #2001);
#2001 = COLOUR_RGB('Medium Maroon',0.6,0.4,0.4);
#2002 = STYLED_ITEM('',(#2003),#35);
#2003 = PRESENTATION_STYLE_ASSIGNMENT((#1990));
#2004 = AXIS2_PLACEMENT_3D('',#2005,#2006,#2007);
#2005 = CARTESIAN_POINT('',(0.,0.,0.));
#2006 = DIRECTION('',(0.,0.,1.));
#2007 = DIRECTION('',(1.,0.,0.));
#2008 = AXIS2_PLACEMENT_3D('',#2009,#2010,#2011);
#2009 = CARTESIAN_POINT('',(0.,0.,0.));
#2010 = DIRECTION('',(0.,0.,1.));
#2011 = DIRECTION('',(1.,0.,0.));
#2012 = AXIS2_PLACEMENT_3D('',#2013,#2014,#2015);
#2013 = CARTESIAN_POINT('',(0.,0.,0.));
#2014 = DIRECTION('',(0.,0.,1.));
#2015 = DIRECTION('',(1.,0.,0.));
#2016 = MECHANICAL_DESIGN_GEOMETRIC_PRESENTATION_REPRESENTATION('',(
    #1998),#2017);
#2017 = ( GEOMETRIC_REPRESENTATION_CONTEXT(3) 
GLOBAL_UNCERTAINTY_ASSIGNED_CONTEXT((#2018)) 
GLOBAL_UNIT_ASSIGNED_CONTEXT((#14,#15,#19)) REPRESENTATION_CONTEXT('CUT'
  ,'COMPONENT_PART') );
#2018 = UNCERTAINTY_MEASURE_WITH_UNIT(LENGTH_MEASURE(2.E-05),#14,
  'DISTANCE_ACCURACY_VALUE','Maximum Tolerance applied to model');
#2019 = MECHANICAL_DESIGN_GEOMETRIC_PRESENTATION_REPRESENTATION('',(
    #2002),#13);
#2020 = ( GEOMETRIC_REPRESENTATION_CONTEXT(3) 
GLOBAL_UNCERTAINTY_ASSIGNED_CONTEXT((#2021)) 
GLOBAL_UNIT_ASSIGNED_CONTEXT((#14,#15,#19)) REPRESENTATION_CONTEXT(
  'assy','TOP_LEVEL_ASSEMBLY_PART') );
#2021 = UNCERTAINTY_MEASURE_WITH_UNIT(LENGTH_MEASURE(2.E-05),#14,
  'DISTANCE_ACCURACY_VALUE','Maximum Tolerance applied to model');
#2022 = ( GEOMETRIC_REPRESENTATION_CONTEXT(3) 
GLOBAL_UNCERTAINTY_ASSIGNED_CONTEXT((#2023)) 
GLOBAL_UNIT_ASSIGNED_CONTEXT((#14,#15,#19)) REPRESENTATION_CONTEXT(
  'ASSEMBLY_CONSTRUCTION','COMPONENT_PART') );
#2023 = UNCERTAINTY_MEASURE_WITH_UNIT(LENGTH_MEASURE(2.E-05),#14,
  'DISTANCE_ACCURACY_VALUE','Maximum Tolerance applied to model');
#2024 = SHAPE_DEFINITION_REPRESENTATION(#2025,#2031);
#2025 = PRODUCT_DEFINITION_SHAPE('','',#2026);
#2026 = PRODUCT_DEFINITION('design','',#2027,#2030);
#2027 = PRODUCT_DEFINITION_FORMATION('','',#2028);
#2028 = PRODUCT('bff5ff4c-693f-497f-bacb-bc6ccabf7908','assembly','',(
    #2029));
#2029 = PRODUCT_CONTEXT('',#2,'mechanical');
#2030 = PRODUCT_DEFINITION_CONTEXT('part definition',#2,'design');
#2031 = SHAPE_REPRESENTATION('',(#9,#2032,#2642,#2665),#2036);
#2032 = AXIS2_PLACEMENT_3D('',#2033,#2034,#2035);
#2033 = CARTESIAN_POINT('',(12.4375,-24.875,124.90961663));
#2034 = DIRECTION('',(0.,0.,1.));
#2035 = DIRECTION('',(1.,0.,-0.));
#2036 = ( GEOMETRIC_REPRESENTATION_CONTEXT(3) 
GLOBAL_UNCERTAINTY_ASSIGNED_CONTEXT((#2040)) 
GLOBAL_UNIT_ASSIGNED_CONTEXT((#2037,#2038,#2039)) REPRESENTATION_CONTEXT
('Context #1','3D Context with UNIT and UNCERTAINTY') );
#2037 = ( LENGTH_UNIT() NAMED_UNIT(*) SI_UNIT(.MILLI.,.METRE.) );
#2038 = ( NAMED_UNIT(*) PLANE_ANGLE_UNIT() SI_UNIT($,.RADIAN.) );
#2039 = ( NAMED_UNIT(*) SI_UNIT($,.STERADIAN.) SOLID_ANGLE_UNIT() );
#2040 = UNCERTAINTY_MEASURE_WITH_UNIT(LENGTH_MEASURE(5.08E-02),#2037,
  'distance_accuracy_value','confusion accuracy');
#2041 = PRODUCT_RELATED_PRODUCT_CATEGORY('part',$,(#2028));
#2042 = CONTEXT_DEPENDENT_SHAPE_REPRESENTATION(#2043,#2045);
#2043 = ( REPRESENTATION_RELATIONSHIP('','',#4,#2031) 
REPRESENTATION_RELATIONSHIP_WITH_TRANSFORMATION(#2044) 
SHAPE_REPRESENTATION_RELATIONSHIP() );
#2044 = ITEM_DEFINED_TRANSFORMATION('','',#9,#2032);
#2045 = PRODUCT_DEFINITION_SHAPE('Placement','Placement of an item',
  #2046);
#2046 = NEXT_ASSEMBLY_USAGE_OCCURRENCE('5734757.0','5734757.0','',#2026,
  #1982,$);
#2047 = GEOMETRICALLY_BOUNDED_WIREFRAME_SHAPE_REPRESENTATION(
  'IsoTurningInsert-None',(#2048),#2121);
#2048 = GEOMETRIC_CURVE_SET('geometric curve set',(#2049));
#2049 = B_SPLINE_CURVE_WITH_KNOTS('CUTTING EDGE LINE',5,(#2050,#2051,
    #2052,#2053,#2054,#2055,#2056,#2057,#2058,#2059,#2060,#2061,#2062,
    #2063,#2064,#2065,#2066,#2067,#2068,#2069,#2070,#2071,#2072,#2073,
    #2074,#2075,#2076,#2077,#2078,#2079,#2080,#2081,#2082,#2083,#2084,
    #2085,#2086,#2087,#2088,#2089,#2090,#2091,#2092,#2093,#2094,#2095,
    #2096,#2097,#2098,#2099,#2100,#2101,#2102,#2103,#2104,#2105,#2106,
    #2107,#2108,#2109,#2110,#2111,#2112,#2113,#2114,#2115,#2116,#2117,
    #2118,#2119,#2120),.UNSPECIFIED.,.T.,.F.,(1,1,4,4,4,4,1,1,1,1,1,1,1,
    4,4,4,4,1,1,1,1,1,1,1,4,4,4,4,1,1,1,1,1,1,1,4,2),(-1.4116841575E-02,
    -7.0584207875E-03,0.,0.1327862469,0.1440797202,0.276865967,
    0.283924387792,0.290982808583,0.298041229375,0.305099650167,
    0.312158070958,0.31921649175,0.326274912542,0.333333333333,
    0.4661195802,0.4774130535,0.6101993003,0.617257721096,0.624316141892
    ,0.631374562688,0.638432983483,0.645491404279,0.652549825075,
    0.659608245871,0.666666666667,0.7994529136,0.8107463868,0.9435326337
    ,0.950591054488,0.957649475275,0.964707896062,0.97176631685,
    0.978824737637,0.985883158425,0.992941579213,1.,1.1327862469),
  .UNSPECIFIED.);
#2050 = CARTESIAN_POINT('',(5.441174053606,11.176315073894,
    1.254870348175E-15));
#2051 = CARTESIAN_POINT('',(6.224780941025,10.518790823673,0.));
#2052 = CARTESIAN_POINT('',(6.973453456905,9.890579991725,
    6.287950540732E-17));
#2053 = CARTESIAN_POINT('',(7.722125972786,9.262369159777,
    1.88638516222E-16));
#2054 = CARTESIAN_POINT('',(8.470798488666,8.634158327828,
    3.772770324439E-16));
#2055 = CARTESIAN_POINT('',(9.282822837564,7.952788996161,
    8.81424108065E-16));
#2056 = CARTESIAN_POINT('',(9.34155923228,7.894130031264,
    1.007079844809E-15));
#2057 = CARTESIAN_POINT('',(9.396345195328,7.828838662978,
    1.001766421594E-15));
#2058 = CARTESIAN_POINT('',(9.443913530837,7.760808583719,
    8.658007078043E-16));
#2059 = CARTESIAN_POINT('',(9.973924782921,6.842802166528,
    3.618102819787E-16));
#2060 = CARTESIAN_POINT('',(10.462586062698,5.996416002263,
    2.412068546525E-16));
#2061 = CARTESIAN_POINT('',(10.951247342475,5.150029837998,
    2.412068546525E-16));
#2062 = CARTESIAN_POINT('',(11.439908622251,4.303643673734,
    3.618102819787E-16));
#2063 = CARTESIAN_POINT('',(11.951371693655,3.417763647867,
    6.084788763956E-16));
#2064 = CARTESIAN_POINT('',(11.993193520258,3.336592526442,
    6.161926781389E-16));
#2065 = CARTESIAN_POINT('',(12.049654891109,3.197183610957,
    6.187393529797E-16));
#2066 = CARTESIAN_POINT('',(12.094800066248,2.997555227477,
    5.975198573293E-16));
#2067 = CARTESIAN_POINT('',(12.096417949288,2.72277058596,
    5.261613211875E-16));
#2068 = CARTESIAN_POINT('',(12.031586161362,2.449156264534,
    4.088341045644E-16));
#2069 = CARTESIAN_POINT('',(11.905374296595,2.197882464055,
    2.54653288287E-16));
#2070 = CARTESIAN_POINT('',(11.727506763384,1.988425171538,
    7.552877962226E-17));
#2071 = CARTESIAN_POINT('',(11.56460490139,1.8645197169,
    -7.060555175949E-17));
#2072 = CARTESIAN_POINT('',(11.431742658446,1.794018961481,
    -1.817318637743E-16));
#2073 = CARTESIAN_POINT('',(11.34752948946,1.758720826926,
    -2.496915298549E-16));
#2074 = CARTESIAN_POINT('',(10.386293341455,1.408859480952,
    -1.701901252782E-16));
#2075 = CARTESIAN_POINT('',(9.467910544115,1.074595479058,
    -1.134600835188E-16));
#2076 = CARTESIAN_POINT('',(8.549527746775,0.740331477164,
    -1.134600835188E-16));
#2077 = CARTESIAN_POINT('',(7.631144949435,0.406067475271,
    -1.701901252782E-16));
#2078 = CARTESIAN_POINT('',(6.635049624403,4.35184264669E-02,
    -4.735010949478E-16));
#2079 = CARTESIAN_POINT('',(6.554881273284,2.198069896494E-02,
    -5.873899940341E-16));
#2080 = CARTESIAN_POINT('',(6.470944308176,7.18034733767E-03,
    -6.235054857018E-16));
#2081 = CARTESIAN_POINT('',(6.388244363563,-6.217248937901E-15,
    -5.79693799556E-16));
#2082 = CARTESIAN_POINT('',(5.328221859395,-4.440892098501E-15,
    -2.753180766844E-16));
#2083 = CARTESIAN_POINT('',(4.350899299842,-4.440892098501E-15,
    -1.835453844563E-16));
#2084 = CARTESIAN_POINT('',(3.373576740289,-3.552713678801E-15,
    -1.835453844563E-16));
#2085 = CARTESIAN_POINT('',(2.396254180736,-2.6645352591E-15,
    -2.753180766844E-16));
#2086 = CARTESIAN_POINT('',(1.373328037928,-1.7763568394E-15,
    -5.066566177371E-16));
#2087 = CARTESIAN_POINT('',(1.282120871419,4.366796442295E-03,
    -5.980474541442E-16));
#2088 = CARTESIAN_POINT('',(1.133158523669,2.517427269462E-02,
    -7.34170808656E-16));
#2089 = CARTESIAN_POINT('',(0.93770268469,8.589159590572E-02,
    -8.80675864911E-16));
#2090 = CARTESIAN_POINT('',(0.698923263046,0.221882788852,
    -1.000263907636E-15));
#2091 = CARTESIAN_POINT('',(0.494382203815,0.414835924882,
    -1.029242502489E-15));
#2092 = CARTESIAN_POINT('',(0.339878641678,0.649775506269,
    -9.654419218517E-16));
#2093 = CARTESIAN_POINT('',(0.247417071956,0.908541954797,
    -8.137284317433E-16));
#2094 = CARTESIAN_POINT('',(0.221562731569,1.111571832925,
    -6.457595811245E-16));
#2095 = CARTESIAN_POINT('',(0.226938407863,1.261884288228,
    -4.957104560146E-16));
#2096 = CARTESIAN_POINT('',(0.238475911125,1.352464099181,
    -3.96592847736E-16));
#2097 = CARTESIAN_POINT('',(0.416105171712,2.359849695376,
    -2.070869071657E-16));
#2098 = CARTESIAN_POINT('',(0.585815453171,3.322324529218,
    -1.380579381105E-16));
#2099 = CARTESIAN_POINT('',(0.75552573463,4.28479936306,
    -1.380579381105E-16));
#2100 = CARTESIAN_POINT('',(0.925236016089,5.247274196902,
    -2.070869071657E-16));
#2101 = CARTESIAN_POINT('',(1.109306992224,6.291192577373,
    -4.079230131172E-16));
#2102 = CARTESIAN_POINT('',(1.130738948626,6.371389269772,
    -4.196898507748E-16));
#2103 = CARTESIAN_POINT('',(1.159889950686,6.451480989686,
    -3.782609358922E-16));
#2104 = CARTESIAN_POINT('',(1.195021559791,6.526691416282,
    -2.861069082483E-16));
#2105 = CARTESIAN_POINT('',(1.725032811874,7.444697833473,
    -8.649220529427E-17));
#2106 = CARTESIAN_POINT('',(2.213694091651,8.291083997738,
    -5.766147019618E-17));
#2107 = CARTESIAN_POINT('',(2.702355371427,9.137470162003,
    -5.766147019618E-17));
#2108 = CARTESIAN_POINT('',(3.191016651204,9.983856326268,
    -8.649220529427E-17));
#2109 = CARTESIAN_POINT('',(3.702479722608,10.869736352134,
    -1.018222586585E-16));
#2110 = CARTESIAN_POINT('',(3.751865062514,10.946540677117,
    -1.618023945062E-17));
#2111 = CARTESIAN_POINT('',(3.844366039412,11.06514211635,
    1.267594526198E-16));
#2112 = CARTESIAN_POINT('',(3.994676703253,11.204053176618,
    3.218057730661E-16));
#2113 = CARTESIAN_POINT('',(4.231838241857,11.34284662519,
    5.739460887572E-16));
#2114 = CARTESIAN_POINT('',(4.501211089014,11.423507810586,
    8.070775480561E-16));
#2115 = CARTESIAN_POINT('',(4.781926515918,11.439842029678,
    1.003176621818E-15));
#2116 = CARTESIAN_POINT('',(5.052255618852,11.390532873667,
    1.147028165729E-15));
#2117 = CARTESIAN_POINT('',(5.241011821232,11.311408450176,
    1.216553657832E-15));
#2118 = CARTESIAN_POINT('',(5.368498387882,11.231596750292,
    1.245268907408E-15));
#2119 = CARTESIAN_POINT('',(5.441174053606,11.176315073894,
    1.254870348175E-15));
#2120 = CARTESIAN_POINT('',(6.224780941025,10.518790823673,0.));
#2121 = ( GEOMETRIC_REPRESENTATION_CONTEXT(3) 
GLOBAL_UNCERTAINTY_ASSIGNED_CONTEXT((#2128)) 
GLOBAL_UNIT_ASSIGNED_CONTEXT((#2122,#2123,#2127)) REPRESENTATION_CONTEXT
('WNMG060412','TOP_LEVEL_ASSEMBLY_PART') );
#2122 = ( LENGTH_UNIT() NAMED_UNIT(*) SI_UNIT(.MILLI.,.METRE.) );
#2123 = ( CONVERSION_BASED_UNIT('DEGREE',#2125) NAMED_UNIT(#2124) 
PLANE_ANGLE_UNIT() );
#2124 = DIMENSIONAL_EXPONENTS(0.,0.,0.,0.,0.,0.,0.);
#2125 = PLANE_ANGLE_MEASURE_WITH_UNIT(PLANE_ANGLE_MEASURE(1.74532925E-02
    ),#2126);
#2126 = ( NAMED_UNIT(*) PLANE_ANGLE_UNIT() SI_UNIT($,.RADIAN.) );
#2127 = ( NAMED_UNIT(*) SI_UNIT($,.STERADIAN.) SOLID_ANGLE_UNIT() );
#2128 = UNCERTAINTY_MEASURE_WITH_UNIT(LENGTH_MEASURE(2.E-05),#2122,
  'DISTANCE_ACCURACY_VALUE','Maximum Tolerance applied to model');
#2129 = SHAPE_REPRESENTATION_RELATIONSHIP('None',
  'relationship between IsoTurningInsert-None and IsoTurningInsert-None'
  ,#2130,#2135);
#2130 = SHAPE_REPRESENTATION('IsoTurningInsert-None',(#2131,#2638),#2121
  );
#2131 = AXIS2_PLACEMENT_3D('',#2132,#2133,#2134);
#2132 = CARTESIAN_POINT('',(0.,0.,0.));
#2133 = DIRECTION('',(0.,0.,1.));
#2134 = DIRECTION('',(1.,0.,0.));
#2135 = ADVANCED_BREP_SHAPE_REPRESENTATION('IsoTurningInsert-None',(
    #2136),#2121);
#2136 = MANIFOLD_SOLID_BREP('CUT',#2137);
#2137 = CLOSED_SHELL('',(#2138,#2259,#2380,#2402,#2424,#2446,#2468,#2490
    ,#2512,#2524,#2536,#2548,#2560,#2572,#2584));
#2138 = ADVANCED_FACE('',(#2139,#2243),#2254,.F.);
#2139 = FACE_BOUND('',#2140,.T.);
#2140 = EDGE_LOOP('',(#2141,#2151,#2160,#2168,#2177,#2185,#2194,#2202,
    #2211,#2219,#2228,#2236));
#2141 = ORIENTED_EDGE('',*,*,#2142,.T.);
#2142 = EDGE_CURVE('',#2143,#2145,#2147,.T.);
#2143 = VERTEX_POINT('',#2144);
#2144 = CARTESIAN_POINT('',(6.712762152096,7.180347337676E-02,
    -8.713604992956E-15));
#2145 = VERTEX_POINT('',#2146);
#2146 = CARTESIAN_POINT('',(11.304676138794,1.743123482846,
    -4.097938119761E-15));
#2147 = LINE('',#2148,#2149);
#2148 = CARTESIAN_POINT('',(6.452536553256,-2.291089879514E-02,
    -8.975176677357E-15));
#2149 = VECTOR('',#2150,1.);
#2150 = DIRECTION('',(0.939692620786,0.342020143326,9.445534287687E-16)
  );
#2151 = ORIENTED_EDGE('',*,*,#2152,.T.);
#2152 = EDGE_CURVE('',#2145,#2153,#2155,.T.);
#2153 = VERTEX_POINT('',#2154);
#2154 = CARTESIAN_POINT('',(11.928569902028,3.457257509469,
    -2.324603428905E-15));
#2155 = CIRCLE('',#2156,1.190625);
#2156 = AXIS2_PLACEMENT_3D('',#2157,#2158,#2159);
#2157 = CARTESIAN_POINT('',(10.897458405647,2.861945009469,
    -3.530637702167E-15));
#2158 = DIRECTION('',(-7.246265944508E-16,-7.707942654332E-16,1.));
#2159 = DIRECTION('',(0.766044443119,0.642787609687,1.050553179453E-15)
  );
#2160 = ORIENTED_EDGE('',*,*,#2161,.T.);
#2161 = EDGE_CURVE('',#2153,#2162,#2164,.T.);
#2162 = VERTEX_POINT('',#2163);
#2163 = CARTESIAN_POINT('',(9.485263503144,7.689188330792,
    -8.331402151419E-16));
#2164 = LINE('',#2165,#2166);
#2165 = CARTESIAN_POINT('',(9.883952251041,6.99863916303,
    -1.076511084019E-15));
#2166 = VECTOR('',#2167,1.);
#2167 = DIRECTION('',(-0.5,0.866025403784,3.052141177309E-16));
#2168 = ORIENTED_EDGE('',*,*,#2169,.T.);
#2169 = EDGE_CURVE('',#2162,#2170,#2172,.T.);
#2170 = VERTEX_POINT('',#2171);
#2171 = CARTESIAN_POINT('',(9.219471004547,8.00594749588,
    -7.815843802578E-16));
#2172 = CIRCLE('',#2173,1.190625);
#2173 = AXIS2_PLACEMENT_3D('',#2174,#2175,#2176);
#2174 = CARTESIAN_POINT('',(8.454152006764,7.093875830792,
    -2.039174488404E-15));
#2175 = DIRECTION('',(-7.246265944508E-16,-7.707942654332E-16,1.));
#2176 = DIRECTION('',(0.766044443119,0.642787609687,1.050553179453E-15)
  );
#2177 = ORIENTED_EDGE('',*,*,#2178,.T.);
#2178 = EDGE_CURVE('',#2170,#2179,#2181,.T.);
#2179 = VERTEX_POINT('',#2180);
#2180 = CARTESIAN_POINT('',(5.476108425144,11.147001655621,
    -1.073017924222E-15));
#2181 = LINE('',#2182,#2183);
#2182 = CARTESIAN_POINT('',(8.608644404827,8.518491870419,
    -8.291393143386E-16));
#2183 = VECTOR('',#2184,1.);
#2184 = DIRECTION('',(-0.766044443119,0.642787609687,-5.963917257724E-17
    ));
#2185 = ORIENTED_EDGE('',*,*,#2186,.T.);
#2186 = EDGE_CURVE('',#2179,#2187,#2189,.T.);
#2187 = VERTEX_POINT('',#2188);
#2188 = CARTESIAN_POINT('',(3.67967793098,10.830242490532,
    -2.618915383349E-15));
#2189 = CIRCLE('',#2190,1.190625);
#2190 = AXIS2_PLACEMENT_3D('',#2191,#2192,#2193);
#2191 = CARTESIAN_POINT('',(4.710789427361,10.234929990532,
    -2.330608032368E-15));
#2192 = DIRECTION('',(-7.246265944508E-16,-7.707942654332E-16,1.));
#2193 = DIRECTION('',(0.766044443119,0.642787609687,1.050553179453E-15)
  );
#2194 = ORIENTED_EDGE('',*,*,#2195,.T.);
#2195 = EDGE_CURVE('',#2187,#2196,#2198,.T.);
#2196 = VERTEX_POINT('',#2197);
#2197 = CARTESIAN_POINT('',(1.236371532098,6.598311669209,
    -7.651348187158E-15));
#2198 = LINE('',#2199,#2200);
#2199 = CARTESIAN_POINT('',(1.09790838304,6.358486460065,
    -7.93653816323E-15));
#2200 = VECTOR('',#2201,1.);
#2201 = DIRECTION('',(-0.5,-0.866025403784,-1.029840712182E-15));
#2202 = ORIENTED_EDGE('',*,*,#2203,.T.);
#2203 = EDGE_CURVE('',#2196,#2204,#2206,.T.);
#2204 = VERTEX_POINT('',#2205);
#2205 = CARTESIAN_POINT('',(1.094946297548,6.209749030743,
    -8.053330526729E-15));
#2206 = CIRCLE('',#2207,1.190625);
#2207 = AXIS2_PLACEMENT_3D('',#2208,#2209,#2210);
#2208 = CARTESIAN_POINT('',(2.267483028478,6.002999169209,
    -7.363040836177E-15));
#2209 = DIRECTION('',(-7.246265944508E-16,-7.707942654332E-16,1.));
#2210 = DIRECTION('',(0.766044443119,0.642787609687,1.050553179453E-15)
  );
#2211 = ORIENTED_EDGE('',*,*,#2212,.T.);
#2212 = EDGE_CURVE('',#2204,#2213,#2215,.T.);
#2213 = VERTEX_POINT('',#2214);
#2214 = CARTESIAN_POINT('',(0.246394890252,1.397374861535,
    -1.237756385596E-14));
#2215 = LINE('',#2216,#2217);
#2216 = CARTESIAN_POINT('',(0.857221489973,4.86154465147,
    -9.264780448635E-15));
#2217 = VECTOR('',#2218,1.);
#2218 = DIRECTION('',(-0.173648177667,-0.984807753012,
    -8.849142561914E-16));
#2219 = ORIENTED_EDGE('',*,*,#2220,.T.);
#2220 = EDGE_CURVE('',#2213,#2221,#2223,.T.);
#2221 = VERTEX_POINT('',#2222);
#2222 = CARTESIAN_POINT('',(1.418931621182,-1.734723475977E-15,
    -1.260500108769E-14));
#2223 = CIRCLE('',#2224,1.190625);
#2224 = AXIS2_PLACEMENT_3D('',#2225,#2226,#2227);
#2225 = CARTESIAN_POINT('',(1.418931621182,1.190625,-1.168727416541E-14)
  );
#2226 = DIRECTION('',(-7.246265944508E-16,-7.707942654332E-16,1.));
#2227 = DIRECTION('',(0.766044443119,0.642787609687,1.050553179453E-15)
  );
#2228 = ORIENTED_EDGE('',*,*,#2229,.T.);
#2229 = EDGE_CURVE('',#2221,#2230,#2232,.T.);
#2230 = VERTEX_POINT('',#2231);
#2231 = CARTESIAN_POINT('',(6.305544418949,-5.20417042793E-15,
    -9.064031497644E-15));
#2232 = LINE('',#2233,#2234);
#2233 = CARTESIAN_POINT('',(4.936541813973,-4.336808689942E-15,
    -1.005604719308E-14));
#2234 = VECTOR('',#2235,1.);
#2235 = DIRECTION('',(1.,-7.771561172376E-16,7.246265944508E-16));
#2236 = ORIENTED_EDGE('',*,*,#2237,.T.);
#2237 = EDGE_CURVE('',#2230,#2143,#2238,.T.);
#2238 = CIRCLE('',#2239,1.190625);
#2239 = AXIS2_PLACEMENT_3D('',#2240,#2241,#2242);
#2240 = CARTESIAN_POINT('',(6.305544418949,1.190625,-8.146304575362E-15)
  );
#2241 = DIRECTION('',(-7.246265944508E-16,-7.707942654332E-16,1.));
#2242 = DIRECTION('',(0.766044443119,0.642787609687,1.050553179453E-15)
  );
#2243 = FACE_BOUND('',#2244,.T.);
#2244 = EDGE_LOOP('',(#2245));
#2245 = ORIENTED_EDGE('',*,*,#2246,.F.);
#2246 = EDGE_CURVE('',#2247,#2247,#2249,.T.);
#2247 = VERTEX_POINT('',#2248);
#2248 = CARTESIAN_POINT('',(4.216411820588,3.537989603547,
    -6.938893903907E-15));
#2249 = CIRCLE('',#2250,1.905);
#2250 = AXIS2_PLACEMENT_3D('',#2251,#2252,#2253);
#2251 = CARTESIAN_POINT('',(5.67572648473,4.7625,-6.938893903907E-15));
#2252 = DIRECTION('',(0.,0.,1.));
#2253 = DIRECTION('',(-0.766044443119,-0.642787609687,0.));
#2254 = PLANE('',#2255);
#2255 = AXIS2_PLACEMENT_3D('',#2256,#2257,#2258);
#2256 = CARTESIAN_POINT('',(5.67572648473,4.7625,-5.849506633315E-15));
#2257 = DIRECTION('',(7.246265944508E-16,7.707942654332E-16,-1.));
#2258 = DIRECTION('',(0.766044443119,0.642787609687,1.050553179453E-15)
  );
#2259 = ADVANCED_FACE('',(#2260,#2271),#2375,.F.);
#2260 = FACE_BOUND('',#2261,.T.);
#2261 = EDGE_LOOP('',(#2262));
#2262 = ORIENTED_EDGE('',*,*,#2263,.T.);
#2263 = EDGE_CURVE('',#2264,#2264,#2266,.T.);
#2264 = VERTEX_POINT('',#2265);
#2265 = CARTESIAN_POINT('',(4.216411820588,3.537989603547,-4.7625));
#2266 = CIRCLE('',#2267,1.905);
#2267 = AXIS2_PLACEMENT_3D('',#2268,#2269,#2270);
#2268 = CARTESIAN_POINT('',(5.67572648473,4.7625,-4.7625));
#2269 = DIRECTION('',(0.,0.,1.));
#2270 = DIRECTION('',(-0.766044443119,-0.642787609687,0.));
#2271 = FACE_BOUND('',#2272,.T.);
#2272 = EDGE_LOOP('',(#2273,#2283,#2292,#2300,#2309,#2317,#2326,#2334,
    #2343,#2351,#2360,#2368));
#2273 = ORIENTED_EDGE('',*,*,#2274,.T.);
#2274 = EDGE_CURVE('',#2275,#2277,#2279,.T.);
#2275 = VERTEX_POINT('',#2276);
#2276 = CARTESIAN_POINT('',(9.485263503144,7.689188330792,-4.7625));
#2277 = VERTEX_POINT('',#2278);
#2278 = CARTESIAN_POINT('',(11.928569902028,3.457257509469,-4.7625));
#2279 = LINE('',#2280,#2281);
#2280 = CARTESIAN_POINT('',(9.883952251041,6.99863916303,-4.7625));
#2281 = VECTOR('',#2282,1.);
#2282 = DIRECTION('',(0.5,-0.866025403784,0.));
#2283 = ORIENTED_EDGE('',*,*,#2284,.T.);
#2284 = EDGE_CURVE('',#2277,#2285,#2287,.T.);
#2285 = VERTEX_POINT('',#2286);
#2286 = CARTESIAN_POINT('',(11.304676138794,1.743123482846,-4.7625));
#2287 = CIRCLE('',#2288,1.190625);
#2288 = AXIS2_PLACEMENT_3D('',#2289,#2290,#2291);
#2289 = CARTESIAN_POINT('',(10.897458405647,2.861945009469,-4.7625));
#2290 = DIRECTION('',(0.,0.,-1.));
#2291 = DIRECTION('',(-0.766044443119,-0.642787609687,0.));
#2292 = ORIENTED_EDGE('',*,*,#2293,.T.);
#2293 = EDGE_CURVE('',#2285,#2294,#2296,.T.);
#2294 = VERTEX_POINT('',#2295);
#2295 = CARTESIAN_POINT('',(6.712762152096,7.180347337676E-02,-4.7625));
#2296 = LINE('',#2297,#2298);
#2297 = CARTESIAN_POINT('',(6.452536553256,-2.291089879514E-02,-4.7625)
  );
#2298 = VECTOR('',#2299,1.);
#2299 = DIRECTION('',(-0.939692620786,-0.342020143326,0.));
#2300 = ORIENTED_EDGE('',*,*,#2301,.T.);
#2301 = EDGE_CURVE('',#2294,#2302,#2304,.T.);
#2302 = VERTEX_POINT('',#2303);
#2303 = CARTESIAN_POINT('',(6.305544418949,-8.673617379884E-16,-4.7625)
  );
#2304 = CIRCLE('',#2305,1.190625);
#2305 = AXIS2_PLACEMENT_3D('',#2306,#2307,#2308);
#2306 = CARTESIAN_POINT('',(6.305544418949,1.190625,-4.7625));
#2307 = DIRECTION('',(0.,0.,-1.));
#2308 = DIRECTION('',(-0.766044443119,-0.642787609687,0.));
#2309 = ORIENTED_EDGE('',*,*,#2310,.T.);
#2310 = EDGE_CURVE('',#2302,#2311,#2313,.T.);
#2311 = VERTEX_POINT('',#2312);
#2312 = CARTESIAN_POINT('',(1.418931621182,2.602085213965E-15,-4.7625));
#2313 = LINE('',#2314,#2315);
#2314 = CARTESIAN_POINT('',(4.936541813973,-8.673617379884E-16,-4.7625)
  );
#2315 = VECTOR('',#2316,1.);
#2316 = DIRECTION('',(-1.,7.771561172376E-16,0.));
#2317 = ORIENTED_EDGE('',*,*,#2318,.T.);
#2318 = EDGE_CURVE('',#2311,#2319,#2321,.T.);
#2319 = VERTEX_POINT('',#2320);
#2320 = CARTESIAN_POINT('',(0.246394890252,1.397374861535,-4.7625));
#2321 = CIRCLE('',#2322,1.190625);
#2322 = AXIS2_PLACEMENT_3D('',#2323,#2324,#2325);
#2323 = CARTESIAN_POINT('',(1.418931621182,1.190625,-4.7625));
#2324 = DIRECTION('',(0.,0.,-1.));
#2325 = DIRECTION('',(-0.766044443119,-0.642787609687,0.));
#2326 = ORIENTED_EDGE('',*,*,#2327,.T.);
#2327 = EDGE_CURVE('',#2319,#2328,#2330,.T.);
#2328 = VERTEX_POINT('',#2329);
#2329 = CARTESIAN_POINT('',(1.094946297548,6.209749030743,-4.7625));
#2330 = LINE('',#2331,#2332);
#2331 = CARTESIAN_POINT('',(0.857221489973,4.86154465147,-4.7625));
#2332 = VECTOR('',#2333,1.);
#2333 = DIRECTION('',(0.173648177667,0.984807753012,0.));
#2334 = ORIENTED_EDGE('',*,*,#2335,.T.);
#2335 = EDGE_CURVE('',#2328,#2336,#2338,.T.);
#2336 = VERTEX_POINT('',#2337);
#2337 = CARTESIAN_POINT('',(1.236371532098,6.598311669209,-4.7625));
#2338 = CIRCLE('',#2339,1.190625);
#2339 = AXIS2_PLACEMENT_3D('',#2340,#2341,#2342);
#2340 = CARTESIAN_POINT('',(2.267483028478,6.002999169209,-4.7625));
#2341 = DIRECTION('',(0.,0.,-1.));
#2342 = DIRECTION('',(-0.766044443119,-0.642787609687,0.));
#2343 = ORIENTED_EDGE('',*,*,#2344,.T.);
#2344 = EDGE_CURVE('',#2336,#2345,#2347,.T.);
#2345 = VERTEX_POINT('',#2346);
#2346 = CARTESIAN_POINT('',(3.67967793098,10.830242490532,-4.7625));
#2347 = LINE('',#2348,#2349);
#2348 = CARTESIAN_POINT('',(1.09790838304,6.358486460065,-4.7625));
#2349 = VECTOR('',#2350,1.);
#2350 = DIRECTION('',(0.5,0.866025403784,0.));
#2351 = ORIENTED_EDGE('',*,*,#2352,.T.);
#2352 = EDGE_CURVE('',#2345,#2353,#2355,.T.);
#2353 = VERTEX_POINT('',#2354);
#2354 = CARTESIAN_POINT('',(5.476108425145,11.147001655621,-4.7625));
#2355 = CIRCLE('',#2356,1.190625);
#2356 = AXIS2_PLACEMENT_3D('',#2357,#2358,#2359);
#2357 = CARTESIAN_POINT('',(4.710789427361,10.234929990532,-4.7625));
#2358 = DIRECTION('',(0.,0.,-1.));
#2359 = DIRECTION('',(-0.766044443119,-0.642787609687,0.));
#2360 = ORIENTED_EDGE('',*,*,#2361,.T.);
#2361 = EDGE_CURVE('',#2353,#2362,#2364,.T.);
#2362 = VERTEX_POINT('',#2363);
#2363 = CARTESIAN_POINT('',(9.219471004547,8.00594749588,-4.7625));
#2364 = LINE('',#2365,#2366);
#2365 = CARTESIAN_POINT('',(8.608644404827,8.518491870419,-4.7625));
#2366 = VECTOR('',#2367,1.);
#2367 = DIRECTION('',(0.766044443119,-0.642787609687,0.));
#2368 = ORIENTED_EDGE('',*,*,#2369,.T.);
#2369 = EDGE_CURVE('',#2362,#2275,#2370,.T.);
#2370 = CIRCLE('',#2371,1.190625);
#2371 = AXIS2_PLACEMENT_3D('',#2372,#2373,#2374);
#2372 = CARTESIAN_POINT('',(8.454152006764,7.093875830792,-4.7625));
#2373 = DIRECTION('',(0.,0.,-1.));
#2374 = DIRECTION('',(-0.766044443119,-0.642787609687,0.));
#2375 = PLANE('',#2376);
#2376 = AXIS2_PLACEMENT_3D('',#2377,#2378,#2379);
#2377 = CARTESIAN_POINT('',(5.629505172193,4.234187980198,-4.7625));
#2378 = DIRECTION('',(0.,0.,1.));
#2379 = DIRECTION('',(-0.766044443119,-0.642787609687,0.));
#2380 = ADVANCED_FACE('',(#2381),#2397,.T.);
#2381 = FACE_OUTER_BOUND('',#2382,.T.);
#2382 = EDGE_LOOP('',(#2383,#2384,#2390,#2391));
#2383 = ORIENTED_EDGE('',*,*,#2195,.F.);
#2384 = ORIENTED_EDGE('',*,*,#2385,.T.);
#2385 = EDGE_CURVE('',#2187,#2345,#2386,.T.);
#2386 = LINE('',#2387,#2388);
#2387 = CARTESIAN_POINT('',(3.67967793098,10.830242490532,
    -2.602085213965E-15));
#2388 = VECTOR('',#2389,1.);
#2389 = DIRECTION('',(7.246265944508E-16,7.707942654332E-16,-1.));
#2390 = ORIENTED_EDGE('',*,*,#2344,.F.);
#2391 = ORIENTED_EDGE('',*,*,#2392,.T.);
#2392 = EDGE_CURVE('',#2336,#2196,#2393,.T.);
#2393 = LINE('',#2394,#2395);
#2394 = CARTESIAN_POINT('',(1.236371532098,6.598311669209,
    -7.806255641896E-15));
#2395 = VECTOR('',#2396,1.);
#2396 = DIRECTION('',(-7.246265944508E-16,-7.707942654332E-16,1.));
#2397 = PLANE('',#2398);
#2398 = AXIS2_PLACEMENT_3D('',#2399,#2400,#2401);
#2399 = CARTESIAN_POINT('',(1.09790838304,6.358486460065,
    -7.93653816323E-15));
#2400 = DIRECTION('',(-0.866025403784,0.5,-2.421479063357E-16));
#2401 = DIRECTION('',(-0.5,-0.866025403784,0.));
#2402 = ADVANCED_FACE('',(#2403),#2419,.T.);
#2403 = FACE_OUTER_BOUND('',#2404,.T.);
#2404 = EDGE_LOOP('',(#2405,#2406,#2412,#2413));
#2405 = ORIENTED_EDGE('',*,*,#2327,.F.);
#2406 = ORIENTED_EDGE('',*,*,#2407,.T.);
#2407 = EDGE_CURVE('',#2319,#2213,#2408,.T.);
#2408 = LINE('',#2409,#2410);
#2409 = CARTESIAN_POINT('',(0.246394890252,1.397374861535,
    -1.214306433184E-14));
#2410 = VECTOR('',#2411,1.);
#2411 = DIRECTION('',(-7.246265944508E-16,-7.707942654332E-16,1.));
#2412 = ORIENTED_EDGE('',*,*,#2212,.F.);
#2413 = ORIENTED_EDGE('',*,*,#2414,.T.);
#2414 = EDGE_CURVE('',#2204,#2328,#2415,.T.);
#2415 = LINE('',#2416,#2417);
#2416 = CARTESIAN_POINT('',(1.094946297548,6.209749030743,
    -7.806255641896E-15));
#2417 = VECTOR('',#2418,1.);
#2418 = DIRECTION('',(7.246265944508E-16,7.707942654332E-16,-1.));
#2419 = PLANE('',#2420);
#2420 = AXIS2_PLACEMENT_3D('',#2421,#2422,#2423);
#2421 = CARTESIAN_POINT('',(0.857221489973,4.86154465147,
    -9.264780448635E-15));
#2422 = DIRECTION('',(-0.984807753012,0.173648177667,-5.797708687054E-16
    ));
#2423 = DIRECTION('',(-0.173648177667,-0.984807753012,0.));
#2424 = ADVANCED_FACE('',(#2425),#2441,.T.);
#2425 = FACE_OUTER_BOUND('',#2426,.T.);
#2426 = EDGE_LOOP('',(#2427,#2428,#2434,#2435));
#2427 = ORIENTED_EDGE('',*,*,#2310,.F.);
#2428 = ORIENTED_EDGE('',*,*,#2429,.T.);
#2429 = EDGE_CURVE('',#2302,#2230,#2430,.T.);
#2430 = LINE('',#2431,#2432);
#2431 = CARTESIAN_POINT('',(6.305544418949,-5.20417042793E-15,
    -9.540979117872E-15));
#2432 = VECTOR('',#2433,1.);
#2433 = DIRECTION('',(-7.246265944508E-16,-7.707942654332E-16,1.));
#2434 = ORIENTED_EDGE('',*,*,#2229,.F.);
#2435 = ORIENTED_EDGE('',*,*,#2436,.T.);
#2436 = EDGE_CURVE('',#2221,#2311,#2437,.T.);
#2437 = LINE('',#2438,#2439);
#2438 = CARTESIAN_POINT('',(1.418931621182,-1.734723475977E-15,
    -1.301042606983E-14));
#2439 = VECTOR('',#2440,1.);
#2440 = DIRECTION('',(7.246265944508E-16,7.707942654332E-16,-1.));
#2441 = PLANE('',#2442);
#2442 = AXIS2_PLACEMENT_3D('',#2443,#2444,#2445);
#2443 = CARTESIAN_POINT('',(4.936541813973,-4.336808689942E-15,
    -1.005604719308E-14));
#2444 = DIRECTION('',(-7.771561172376E-16,-1.,-7.707942654332E-16));
#2445 = DIRECTION('',(1.,-7.771561172376E-16,0.));
#2446 = ADVANCED_FACE('',(#2447),#2463,.T.);
#2447 = FACE_OUTER_BOUND('',#2448,.T.);
#2448 = EDGE_LOOP('',(#2449,#2450,#2456,#2457));
#2449 = ORIENTED_EDGE('',*,*,#2293,.F.);
#2450 = ORIENTED_EDGE('',*,*,#2451,.T.);
#2451 = EDGE_CURVE('',#2285,#2145,#2452,.T.);
#2452 = LINE('',#2453,#2454);
#2453 = CARTESIAN_POINT('',(11.304676138794,1.743123482846,
    -4.336808689942E-15));
#2454 = VECTOR('',#2455,1.);
#2455 = DIRECTION('',(-7.246265944508E-16,-7.707942654332E-16,1.));
#2456 = ORIENTED_EDGE('',*,*,#2142,.F.);
#2457 = ORIENTED_EDGE('',*,*,#2458,.T.);
#2458 = EDGE_CURVE('',#2143,#2294,#2459,.T.);
#2459 = LINE('',#2460,#2461);
#2460 = CARTESIAN_POINT('',(6.712762152096,7.180347337676E-02,
    -8.673617379884E-15));
#2461 = VECTOR('',#2462,1.);
#2462 = DIRECTION('',(7.246265944508E-16,7.707942654332E-16,-1.));
#2463 = PLANE('',#2464);
#2464 = AXIS2_PLACEMENT_3D('',#2465,#2466,#2467);
#2465 = CARTESIAN_POINT('',(6.452536553256,-2.291089879514E-02,
    -8.975176677357E-15));
#2466 = DIRECTION('',(0.342020143326,-0.939692620786,-4.7647279168E-16)
  );
#2467 = DIRECTION('',(0.939692620786,0.342020143326,0.));
#2468 = ADVANCED_FACE('',(#2469),#2485,.T.);
#2469 = FACE_OUTER_BOUND('',#2470,.T.);
#2470 = EDGE_LOOP('',(#2471,#2472,#2478,#2479));
#2471 = ORIENTED_EDGE('',*,*,#2161,.F.);
#2472 = ORIENTED_EDGE('',*,*,#2473,.T.);
#2473 = EDGE_CURVE('',#2153,#2277,#2474,.T.);
#2474 = LINE('',#2475,#2476);
#2475 = CARTESIAN_POINT('',(11.928569902028,3.457257509469,
    -2.602085213965E-15));
#2476 = VECTOR('',#2477,1.);
#2477 = DIRECTION('',(7.246265944508E-16,7.707942654332E-16,-1.));
#2478 = ORIENTED_EDGE('',*,*,#2274,.F.);
#2479 = ORIENTED_EDGE('',*,*,#2480,.T.);
#2480 = EDGE_CURVE('',#2275,#2162,#2481,.T.);
#2481 = LINE('',#2482,#2483);
#2482 = CARTESIAN_POINT('',(9.485263503144,7.689188330792,
    -8.673617379884E-16));
#2483 = VECTOR('',#2484,1.);
#2484 = DIRECTION('',(-7.246265944508E-16,-7.707942654332E-16,1.));
#2485 = PLANE('',#2486);
#2486 = AXIS2_PLACEMENT_3D('',#2487,#2488,#2489);
#2487 = CARTESIAN_POINT('',(9.883952251041,6.99863916303,
    -1.076511084019E-15));
#2488 = DIRECTION('',(0.866025403784,0.5,1.012942171769E-15));
#2489 = DIRECTION('',(-0.5,0.866025403784,0.));
#2490 = ADVANCED_FACE('',(#2491),#2507,.T.);
#2491 = FACE_OUTER_BOUND('',#2492,.T.);
#2492 = EDGE_LOOP('',(#2493,#2494,#2500,#2501));
#2493 = ORIENTED_EDGE('',*,*,#2178,.F.);
#2494 = ORIENTED_EDGE('',*,*,#2495,.T.);
#2495 = EDGE_CURVE('',#2170,#2362,#2496,.T.);
#2496 = LINE('',#2497,#2498);
#2497 = CARTESIAN_POINT('',(9.219471004547,8.00594749588,
    -8.673617379884E-16));
#2498 = VECTOR('',#2499,1.);
#2499 = DIRECTION('',(7.246265944508E-16,7.707942654332E-16,-1.));
#2500 = ORIENTED_EDGE('',*,*,#2361,.F.);
#2501 = ORIENTED_EDGE('',*,*,#2502,.T.);
#2502 = EDGE_CURVE('',#2353,#2179,#2503,.T.);
#2503 = LINE('',#2504,#2505);
#2504 = CARTESIAN_POINT('',(5.476108425144,11.147001655621,
    -8.673617379884E-16));
#2505 = VECTOR('',#2506,1.);
#2506 = DIRECTION('',(-7.246265944508E-16,-7.707942654332E-16,1.));
#2507 = PLANE('',#2508);
#2508 = AXIS2_PLACEMENT_3D('',#2509,#2510,#2511);
#2509 = CARTESIAN_POINT('',(8.608644404827,8.518491870419,
    -8.291393143386E-16));
#2510 = DIRECTION('',(0.642787609687,0.766044443119,1.056243660385E-15)
  );
#2511 = DIRECTION('',(-0.766044443119,0.642787609687,0.));
#2512 = ADVANCED_FACE('',(#2513),#2519,.T.);
#2513 = FACE_OUTER_BOUND('',#2514,.T.);
#2514 = EDGE_LOOP('',(#2515,#2516,#2517,#2518));
#2515 = ORIENTED_EDGE('',*,*,#2284,.F.);
#2516 = ORIENTED_EDGE('',*,*,#2473,.F.);
#2517 = ORIENTED_EDGE('',*,*,#2152,.F.);
#2518 = ORIENTED_EDGE('',*,*,#2451,.F.);
#2519 = CYLINDRICAL_SURFACE('',#2520,1.190625);
#2520 = AXIS2_PLACEMENT_3D('',#2521,#2522,#2523);
#2521 = CARTESIAN_POINT('',(10.897458405647,2.861945009469,
    -3.469446951954E-15));
#2522 = DIRECTION('',(-7.246265944508E-16,-7.707942654332E-16,1.));
#2523 = DIRECTION('',(-0.766044443119,-0.642787609687,
    -1.050553179453E-15));
#2524 = ADVANCED_FACE('',(#2525),#2531,.T.);
#2525 = FACE_OUTER_BOUND('',#2526,.T.);
#2526 = EDGE_LOOP('',(#2527,#2528,#2529,#2530));
#2527 = ORIENTED_EDGE('',*,*,#2369,.F.);
#2528 = ORIENTED_EDGE('',*,*,#2495,.F.);
#2529 = ORIENTED_EDGE('',*,*,#2169,.F.);
#2530 = ORIENTED_EDGE('',*,*,#2480,.F.);
#2531 = CYLINDRICAL_SURFACE('',#2532,1.190625);
#2532 = AXIS2_PLACEMENT_3D('',#2533,#2534,#2535);
#2533 = CARTESIAN_POINT('',(8.454152006764,7.093875830792,
    -1.734723475977E-15));
#2534 = DIRECTION('',(-7.246265944508E-16,-7.707942654332E-16,1.));
#2535 = DIRECTION('',(-0.766044443119,-0.642787609687,
    -1.050553179453E-15));
#2536 = ADVANCED_FACE('',(#2537),#2543,.T.);
#2537 = FACE_OUTER_BOUND('',#2538,.T.);
#2538 = EDGE_LOOP('',(#2539,#2540,#2541,#2542));
#2539 = ORIENTED_EDGE('',*,*,#2352,.F.);
#2540 = ORIENTED_EDGE('',*,*,#2385,.F.);
#2541 = ORIENTED_EDGE('',*,*,#2186,.F.);
#2542 = ORIENTED_EDGE('',*,*,#2502,.F.);
#2543 = CYLINDRICAL_SURFACE('',#2544,1.190625);
#2544 = AXIS2_PLACEMENT_3D('',#2545,#2546,#2547);
#2545 = CARTESIAN_POINT('',(4.710789427361,10.234929990532,
    -2.602085213965E-15));
#2546 = DIRECTION('',(-7.246265944508E-16,-7.707942654332E-16,1.));
#2547 = DIRECTION('',(-0.766044443119,-0.642787609687,
    -1.050553179453E-15));
#2548 = ADVANCED_FACE('',(#2549),#2555,.T.);
#2549 = FACE_OUTER_BOUND('',#2550,.T.);
#2550 = EDGE_LOOP('',(#2551,#2552,#2553,#2554));
#2551 = ORIENTED_EDGE('',*,*,#2301,.F.);
#2552 = ORIENTED_EDGE('',*,*,#2458,.F.);
#2553 = ORIENTED_EDGE('',*,*,#2237,.F.);
#2554 = ORIENTED_EDGE('',*,*,#2429,.F.);
#2555 = CYLINDRICAL_SURFACE('',#2556,1.190625);
#2556 = AXIS2_PLACEMENT_3D('',#2557,#2558,#2559);
#2557 = CARTESIAN_POINT('',(6.305544418949,1.190625,-7.806255641896E-15)
  );
#2558 = DIRECTION('',(-7.246265944508E-16,-7.707942654332E-16,1.));
#2559 = DIRECTION('',(-0.766044443119,-0.642787609687,
    -1.050553179453E-15));
#2560 = ADVANCED_FACE('',(#2561),#2567,.T.);
#2561 = FACE_OUTER_BOUND('',#2562,.T.);
#2562 = EDGE_LOOP('',(#2563,#2564,#2565,#2566));
#2563 = ORIENTED_EDGE('',*,*,#2318,.F.);
#2564 = ORIENTED_EDGE('',*,*,#2436,.F.);
#2565 = ORIENTED_EDGE('',*,*,#2220,.F.);
#2566 = ORIENTED_EDGE('',*,*,#2407,.F.);
#2567 = CYLINDRICAL_SURFACE('',#2568,1.190625);
#2568 = AXIS2_PLACEMENT_3D('',#2569,#2570,#2571);
#2569 = CARTESIAN_POINT('',(1.418931621182,1.190625,-1.214306433184E-14)
  );
#2570 = DIRECTION('',(-7.246265944508E-16,-7.707942654332E-16,1.));
#2571 = DIRECTION('',(-0.766044443119,-0.642787609687,
    -1.050553179453E-15));
#2572 = ADVANCED_FACE('',(#2573),#2579,.T.);
#2573 = FACE_OUTER_BOUND('',#2574,.T.);
#2574 = EDGE_LOOP('',(#2575,#2576,#2577,#2578));
#2575 = ORIENTED_EDGE('',*,*,#2335,.F.);
#2576 = ORIENTED_EDGE('',*,*,#2414,.F.);
#2577 = ORIENTED_EDGE('',*,*,#2203,.F.);
#2578 = ORIENTED_EDGE('',*,*,#2392,.F.);
#2579 = CYLINDRICAL_SURFACE('',#2580,1.190625);
#2580 = AXIS2_PLACEMENT_3D('',#2581,#2582,#2583);
#2581 = CARTESIAN_POINT('',(2.267483028478,6.002999169209,
    -7.806255641896E-15));
#2582 = DIRECTION('',(-7.246265944508E-16,-7.707942654332E-16,1.));
#2583 = DIRECTION('',(-0.766044443119,-0.642787609687,
    -1.050553179453E-15));
#2584 = ADVANCED_FACE('',(#2585,#2588),#2591,.F.);
#2585 = FACE_BOUND('',#2586,.T.);
#2586 = EDGE_LOOP('',(#2587));
#2587 = ORIENTED_EDGE('',*,*,#2263,.F.);
#2588 = FACE_BOUND('',#2589,.T.);
#2589 = EDGE_LOOP('',(#2590));
#2590 = ORIENTED_EDGE('',*,*,#2246,.T.);
#2591 = CYLINDRICAL_SURFACE('',#2592,1.905);
#2592 = AXIS2_PLACEMENT_3D('',#2593,#2594,#2595);
#2593 = CARTESIAN_POINT('',(5.67572648473,4.7625,-33.36769783945));
#2594 = DIRECTION('',(0.,0.,1.));
#2595 = DIRECTION('',(-0.766044443119,-0.642787609687,0.));
#2596 = SHAPE_REPRESENTATION_RELATIONSHIP('None',
  'relationship between IsoTurningInsert-None and IsoTurningInsert-None'
  ,#2130,#2047);
#2597 = SHAPE_DEFINITION_REPRESENTATION(#2598,#2130);
#2598 = PRODUCT_DEFINITION_SHAPE('','',#2600);
#2599 = PRODUCT_DEFINITION_FORMATION(' ',' ',#2601);
#2600 = PRODUCT_DEFINITION(' ','',#2599,#2603);
#2601 = PRODUCT('8322680','WNMG 06 04 12-WMX   4405',
  'T-Max\\X\\AE P, insert for turning',(#2602));
#2602 = PRODUCT_CONTEXT(' ',#2,'mechanical');
#2603 = PRODUCT_DEFINITION_CONTEXT('part definition',#2,'design');
#2604 = PRODUCT_RELATED_PRODUCT_CATEGORY('part','',(#2601));
#2605 = SURFACE_STYLE_USAGE(.BOTH.,#2606);
#2606 = SURFACE_SIDE_STYLE('',(#2607));
#2607 = SURFACE_STYLE_FILL_AREA(#2608);
#2608 = FILL_AREA_STYLE('',(#2609));
#2609 = FILL_AREA_STYLE_COLOUR('',#2610);
#2610 = COLOUR_RGB('IsoInsertColor',0.8,0.8,0.8);
#2611 = CURVE_STYLE('',#2612,POSITIVE_LENGTH_MEASURE(0.18),#2613);
#2612 = DRAUGHTING_PRE_DEFINED_CURVE_FONT('continuous');
#2613 = DRAUGHTING_PRE_DEFINED_COLOUR('blue');
#2614 = PRESENTATION_LAYER_ASSIGNMENT('1','Layer 1',(#2049,#2136));
#2615 = STYLED_ITEM('',(#2616),#2049);
#2616 = PRESENTATION_STYLE_ASSIGNMENT((#2611));
#2617 = STYLED_ITEM('',(#2618),#2136);
#2618 = PRESENTATION_STYLE_ASSIGNMENT((#2605));
#2619 = PRESENTATION_STYLE_ASSIGNMENT((#2620));
#2620 = POINT_STYLE('',$  /*   UNKNOWN REF   */,POSITIVE_LENGTH_MEASURE(
    3.),#2621);
#2621 = COLOUR_RGB('Medium Maroon',0.6,0.4,0.4);
#2622 = PRESENTATION_STYLE_ASSIGNMENT((#2623));
#2623 = POINT_STYLE('',$  /*   UNKNOWN REF   */,POSITIVE_LENGTH_MEASURE(
    3.),#2621);
#2624 = MECHANICAL_DESIGN_GEOMETRIC_PRESENTATION_REPRESENTATION('',(
    #2615,#2617),#2121);
#2625 = CONSTRUCTIVE_GEOMETRY_REPRESENTATION('supplemental geometry',(
    #2626,#2630),#2121);
#2626 = AXIS2_PLACEMENT_3D('PCS',#2627,#2628,#2629);
#2627 = CARTESIAN_POINT('',(0.,0.,0.));
#2628 = DIRECTION('',(0.,0.,1.));
#2629 = DIRECTION('',(1.,0.,-0.));
#2630 = AXIS2_PLACEMENT_3D('MCS',#2631,#2632,#2633);
#2631 = CARTESIAN_POINT('',(5.67572648473,4.7625,0.));
#2632 = DIRECTION('',(0.,0.,1.));
#2633 = DIRECTION('',(1.,0.,-0.));
#2634 = CONSTRUCTIVE_GEOMETRY_REPRESENTATION_RELATIONSHIP(
  'supplemental geometry','contains PCS and MCS coordinate systems',
  #2130,#2625);
#2635 = CONTEXT_DEPENDENT_SHAPE_REPRESENTATION(#2636,#2646);
#2636 = ( REPRESENTATION_RELATIONSHIP('','',#2130,#2031) 
REPRESENTATION_RELATIONSHIP_WITH_TRANSFORMATION(#2637) 
SHAPE_REPRESENTATION_RELATIONSHIP() );
#2637 = ITEM_DEFINED_TRANSFORMATION('','',#2638,#2642);
#2638 = AXIS2_PLACEMENT_3D('',#2639,#2640,#2641);
#2639 = CARTESIAN_POINT('',(0.,0.,0.));
#2640 = DIRECTION('',(0.,0.,1.));
#2641 = DIRECTION('',(1.,0.,-0.));
#2642 = AXIS2_PLACEMENT_3D('',#2643,#2644,#2645);
#2643 = CARTESIAN_POINT('',(-19.98673713612,0.1093947881,-26.51462050604
    ));
#2644 = DIRECTION('',(-0.103961640931,0.989132930616,-0.103961640931));
#2645 = DIRECTION('',(8.126932054624E-02,0.112626889533,0.990308275888)
  );
#2646 = PRODUCT_DEFINITION_SHAPE('Placement','Placement of an item',
  #2647);
#2647 = NEXT_ASSEMBLY_USAGE_OCCURRENCE('8322680.2','8322680.2','',#2026,
  #2600,$);
#2648 = SHAPE_DEFINITION_REPRESENTATION(#2649,#2655);
#2649 = PRODUCT_DEFINITION_SHAPE('','',#2650);
#2650 = PRODUCT_DEFINITION('design','',#2651,#2654);
#2651 = PRODUCT_DEFINITION_FORMATION('','',#2652);
#2652 = PRODUCT('d061ed3c-d671-90c1-cf73-3d6eaebb1d49',
  'ASSEMBLY_CONSTRUCTION','',(#2653));
#2653 = PRODUCT_CONTEXT('',#2,'mechanical');
#2654 = PRODUCT_DEFINITION_CONTEXT('part definition',#2,'design');
#2655 = SHAPE_REPRESENTATION('',(#2638,#9),#2656);
#2656 = ( GEOMETRIC_REPRESENTATION_CONTEXT(3) 
GLOBAL_UNCERTAINTY_ASSIGNED_CONTEXT((#2660)) 
GLOBAL_UNIT_ASSIGNED_CONTEXT((#2657,#2658,#2659)) REPRESENTATION_CONTEXT
('Context #1','3D Context with UNIT and UNCERTAINTY') );
#2657 = ( LENGTH_UNIT() NAMED_UNIT(*) SI_UNIT(.MILLI.,.METRE.) );
#2658 = ( NAMED_UNIT(*) PLANE_ANGLE_UNIT() SI_UNIT($,.RADIAN.) );
#2659 = ( NAMED_UNIT(*) SI_UNIT($,.STERADIAN.) SOLID_ANGLE_UNIT() );
#2660 = UNCERTAINTY_MEASURE_WITH_UNIT(LENGTH_MEASURE(5.08E-02),#2657,
  'distance_accuracy_value','confusion accuracy');
#2661 = PRODUCT_RELATED_PRODUCT_CATEGORY('part',$,(#2652));
#2662 = CONTEXT_DEPENDENT_SHAPE_REPRESENTATION(#2663,#2669);
#2663 = ( REPRESENTATION_RELATIONSHIP('','',#2655,#2031) 
REPRESENTATION_RELATIONSHIP_WITH_TRANSFORMATION(#2664) 
SHAPE_REPRESENTATION_RELATIONSHIP() );
#2664 = ITEM_DEFINED_TRANSFORMATION('','',#9,#2665);
#2665 = AXIS2_PLACEMENT_3D('',#2666,#2667,#2668);
#2666 = CARTESIAN_POINT('',(0.,0.,0.));
#2667 = DIRECTION('',(0.,0.,1.));
#2668 = DIRECTION('',(1.,0.,-0.));
#2669 = PRODUCT_DEFINITION_SHAPE('Placement','Placement of an item',
  #2670);
#2670 = NEXT_ASSEMBLY_USAGE_OCCURRENCE('ASSEMBLY_CONSTRUCTION.3',
  'ASSEMBLY_CONSTRUCTION.3','',#2026,#2650,$);
#2671 = SHAPE_REPRESENTATION_RELATIONSHIP('','',#2655,#2672);
#2672 = GEOMETRICALLY_BOUNDED_WIREFRAME_SHAPE_REPRESENTATION('',(#2673),
  #2656);
#2673 = GEOMETRIC_CURVE_SET('',(#2674));
#2674 = CARTESIAN_POINT('CRP',(-19.86229089677,0.134187063054,
    -26.40318305442));
ENDSEC;
END-ISO-10303-21;
